Team A,Team B,Winner,Map played,Map ban1,Map ban2,Map ban3,Map ban4,Map ban5,Map ban6,Ban1,Ban2,Ban3,Ban4,Ban5,Ban6,Ban7,Ban8,Ban9,Ban10,Ban11,Ban12,Ban13,Ban14,PickA1,PickB1,PickA2,PickB2,PickA3,PickB3,PickA4,PickB4,PlayerA1,PlayerB1,PlayerA2,PlayerB2,PlayerA3,PlayerB3,PlayerA4,PlayerB4,Date,Division
Looking For DShark,L'Animalerie,Looking For DShark,pangaea standard,seven seas,rich highlands,inland sea,primordial,lakes,tilted axis,lautaro,alexander,simon bolivar,genghis khan,kupe,tomyris,trajan,catherine de medici (black queen),philip ii,chandragupta,montezuma,suleiman (kanuni),shaka,nader shah,(sub) julius caesar,ambiorix,menelik ii,basil ii,kublai khan (mongolia),cyrus,hojo tokimune,dido,Bourricot,Bobnotarobot,Dredhel,Da MeuhMeuh,ptitpascal,Fankus,Milamber,Poolp,17/01/25,1
La Grande Barri√®re de Fromage,Ulyss,Ulyss,tilted axis,rich highlands,primordial,lakes,pangaea standard,seven seas,inland sea,gitarja,harald hardrada,tomyris,julius caesar,gilgamesh,philip ii,tokugawa,kupe,catherine de medici (black queen),genghis khan,victoria,wu zetian,victoria age of steam,pedro ii,hojo tokimune,elizabeth i,lautaro,dido,trajan,basil ii,eleanor of aquitaine (england),suleiman (kanuni),ZHippO,[Coach] dISTORIA,fluk,S√πn bro,Landdel,Klexis Arempp,malko,romrom,21/01/25,1
Arcanes,Ulyss,Ulyss,seven seas,lakes,primordial,pangaea standard,pangaea classic,rich highlands,tilted axis,basil ii,tokugawa,trajan,philip ii,tomyris,kupe,wu zetian,julius caesar,chandragupta,genghis khan,hojo tokimune,lautaro,dido,gilgamesh,catherine de medici (black queen),menelik ii,eleanor of aquitaine (england),harald hardrada,montezuma,suleiman (kanuni),ba trieu,wilhelmina,Xiffy,Klexis Arempp,Bouffon Naval,Lege,mikado,romrom,gwawel,ldk,22/01/25,1
Arcanes,La Tribu de Fana,Arcanes,lakes,inland sea,primordial,seven seas,pangaea standard,tilted axis,rich highlands,trajan,genghis khan,kupe,catherine de medici (black queen),gilgamesh,julius caesar,shaka,lautaro,ambiorix,tomyris,philip ii,chandragupta,kublai khan (mongolia),montezuma,alexander,tokugawa,menelik ii,wu zetian,hammurabi,cyrus,cleopatra (egyptian),peter,Jr la menace,Bourricot,Xiffy,pika,Apeul,Fana,Crudlove,CaptainMorgan,23/01/25,1
L'Animalerie,Golden Age,Golden Age,tilted axis,rich highlands,pangaea standard,primordial,lakes,pangaea classic,seven seas,joao iii,philip ii,catherine de medici (black queen),gitarja,pedro ii,kupe,tomyris,harald hardrada,harald varangian,lautaro,lady six sky,tokugawa,wu zetian,genghis khan,hojo tokimune,dido,julius caesar,trajan,montezuma,eleanor of aquitaine (england),elizabeth i,mvemba a nzinga,Poolp,giara,Jules_4LL4RT_,Bewewen,Bobnotarobot,Baptiste,Adrydry,Orval,24/01/25,1
DShark,Les SCAR,DShark,primordial,seven seas,inland sea,pangaea standard,lakes,tilted axis,rich highlands,elizabeth i,tomyris,julius caesar,gitarja,hojo tokimune,harald hardrada,dido,philip ii,joao iii,kupe,catherine de medici (black queen),lautaro,nader shah,genghis khan,tokugawa,victoria,eleanor of aquitaine (england),wilhelmina,trajan,hammurabi,pedro ii,kublai khan (mongolia),floppyfloNG,aramanis,Extazz üê•,Barack,Raym,SJ,HellStar,Unchained Dank,25/01/25,1
Golden Age,Looking For DShark,Golden Age,tilted axis,pangaea standard,rich highlands,inland sea,primordial,lakes,seven seas,tomyris,harald hardrada,julius caesar,philip ii,gitarja,kupe,hojo tokimune,eleanor of aquitaine (england),joao iii,elizabeth i,harald varangian,lautaro,pedro ii,wu zetian,catherine de medici (black queen),dido,victoria,tokugawa,lady six sky,trajan,victoria age of steam,qin (mandate of heaven),Boubsho,Milamber,Baptiste,FNCNemesis,giara,Gara,Olaketal Amigo,ptitpascal,25/01/25,1
Looking For DShark,La Grande Barri√®re de Fromage,Looking For DShark,seven seas,primordial,rich highlands,inland sea,lakes,tilted axis,pangaea standard,julius caesar,kupe,lautaro,philip ii,alexander,tokugawa,catherine de medici (black queen),genghis khan,harald hardrada,hojo tokimune,basil ii,matthias corvinus,montezuma,trajan,tomyris,gilgamesh,harald varangian,dido,nader shah,wu zetian,elizabeth i,ambiorix,ptitpascal,malko,FNCNemesis,VOKTR,Gabzou,NaNoBlaze,Ranash,ZHippO,26/01/25,1
La Tribu de Fana,DShark,DShark,pangea standard,rich highlands,primordial,lakes,tilted axis,pangaea classic,seven seas,genghis khan,simon bolivar,shaka,julius caesar,philip ii,lautaro,tomyris,catherine de medici (black queen),alexander,wu zetian,poundmaker,nader shah,kublai khan (mongolia),montezuma,kupe,jaravarman vii,cyrus,trajan,suleiman (kanuni),hammurabi,matthias corvinus,basil ii,Bourricot,Apology,Fana,erwan,CaptainMorgan,HellStar,pika,Pipo,27/01/25,1
UNKNOWN,UNKNOWN,Freritos de la vega,lakes,primordial,tilted axis,rich highlands,inland sea,pangaea standard,seven seas,tokugawa,genghis khan,tomyris,philip ii,alexander,menelik ii,catherine de medici (black queen),shaka,lautaro,kupe,suleiman (kanuni),trajan,montezuma,harald varangian,lady six sky,saladin (vizier),simon bolivar,hammurabi,jadwiga,ludwig ii,mansa musa,kublai khan (mongolia),ldk,Phyrsos,romrom,Spriggou,Klexis Arempp,ChucK,Lege,(CivFR)Malm,27/01/25,1
DShark,L'Animalerie,DShark,pangaea standard,tilted axis,rich highlands,inland sea,lakes,seven seas,primordial,alexander,julius caesar,ambiorix,genghis khan,kupe,tomyris,trajan,lautaro,shaka,catherine de medici (black queen),ba trieu,suleiman (kanuni),poundmaker,matthias corvinus,simon bolivar,philip ii,wu zetian,basil ii,jadwiga,kublai khan (mongolia),nader shah,qin (unifier),Pipo,Tearty!Officiel,Joce0six,Da MeuhMeuh,Apology,Adrydry,floppyfloNG,Jules_4LL4RT_,28/01/25,1
La Grande Barri√®re de Fromage,Freritos de la vega,Freritos de la vega,seven seas,rich highlands,tilted axis,lakes,inland sea,pangaea standard,primordial,lautaro,gitarja,tokugawa,harald hardrada,tomyris,genghis khan,hojo tokimune,catherine de medici (black queen),philip ii,basil ii,alexander,dido,wu zetian,kupe,julius caesar,trajan,elizabeth i,shaka,gilgamesh,hammurabi,nader shah,victoria,fluk,Phyrsos,ZHippO,(CivFR)Malm,NaNoBlaze,Spriggou,malko,Pompilidae,30/01/25,1
Les SCAR,Arcanes,Arcanes,primordial,pangaea standard,inland sea,rich highlands,tilted axis,lakes,seven seas,julius caesar,harald hardrada,lautaro,gitarja,catherine de medici (black queen),kupe,dido,philip ii,hojo tokimune,tokugawa,trajan,alexander,pedro ii,wilhelmina,joao iii,tomyris,victoria,elizabeth i,john curtin,gilgamesh,cyrus,eleanor of aquitaine (england),Neolaf,Crudlove,aramanis,mikado,SJ,gwawel,zdargore,Apeul,30/01/25,1
Golden Age,La Tribu de Fana,La Tribu de Fana,,pangaea standard,inland sea,lakes,primordial,seven seas,tilted axis,lautaro,genghis khan,simon bolivar,catherine de medici (black queen),poundmaker,philip ii,alexander,kupe,shaka,menelik ii,wu zetian,suleiman (kanuni),basil ii,trajan,eleanor of aquitaine (england),saladin (vizier),kublai khan (mongolia),montezuma,tamar,dido,tokugawa,soundiata keita,Baptiste,CaptainMorgan,Boubsho,Bourricot,Orval,Fana,giara,pika,30/01/25,1
Freritos de la vega,Golden Age,Freritos de la vega,rich highlands,inland sea,pangaea standard,tilted axis,lakes,primordial,seven seas,shaka,saladin (vizier),genghis khan,menelik ii,alexander,poundmaker,kupe,lautaro,kublai khan (mongolia),trajan,dido,hammurabi,elizabeth i,simon bolivar,tokugawa,montezuma,ambiorix,philip ii,harald varangian,jadwiga,victoria age of steam,eleanor of aquitaine (england),Lythoxa,Boubsho,Phyrsos,Olaketal Amigo,Spriggou,Spylke,Pompilidae,Baptiste,06/02/25,1
Ulyss,DShark,Ulyss,rich highlands,inland sea,pangaea standard,tilted axis,lakes,primordial,seven seas,shaka,colombie,genghis khan,menelik ii,alexander,poundmaker,france bq,lautaro,kublai khan (mongolia),espagne,montezuma,tokugawa,chandra,ghandhi,vareg,scythie,trajan,gaule,saladin,kupe,eleanor of aquitaine,kanuni,Lege,Joce0six,[Coach] dISTORIA,Apology,ldk,Nawyk,S√πn bro,Raym,06/02/25,1
L'Animalerie,La Tribu de Fana,L'Animalerie,tilted axis,rich highlands,primordial,lakes,seven seas,pangaea classic,pangaea standard,tomyris,philip ii,genghis khan,harald hardrada,catherine de medici (black queen),gitarja,kupe,basil ii,lautaro,julius caesar,kublai khan (mongolia),pedro ii,wu zetian,alexander,hojo tokimune,elizabeth i,dido,joao iii,simon bolivar,trajan,cleopatra (egyptian),suleiman (kanuni),Bobnotarobot,Bourricot,Tearty!Officiel,Fana,Jules_4LL4RT_,Nami,Da MeuhMeuh,CaptainMorgan,06/02/25,1
Freritos de la vega,Les SCAR,Freritos de la vega,lakes,tilted axis,pangaea standard,primordial,rich highlands,pangaea classic,seven seas,alexander,kupe,shaka,tomyris,lautaro,saladin (vizier),julius caesar,catherine de medici (black queen),genghis khan,philip ii,kublai khan (mongolia),ambiorix,trajan,hammurabi,menelik ii,simon bolivar,tokugawa,montezuma,nader shah,harald varangian,mattias corvinus,tamar,Phyrsos,Unchained Dank,Bartsake,zdargore,Spriggou,aramanis,Pompilidae,SJ,07/02/25,1
L'Animalerie,La Grande Barri√®re de Fromage,La Grande Barri√®re de Fromage,tilted axis,seven seas,lakes,inland sea,pangaea standard,primordial,rich highlands,tomyris,gitarja,genghis khan,kupe,catherine de medici (black queen),philip ii,lautaro,harald hardrada,julius caesar,tokugawa,basil ii,pedro ii,suleiman (kanuni),alexander,hojo tokimune,elizabeth i,victoria,dido,trajan,gilgamesh,simon bolivar,montezuma,Adrydry,fluk,Tearty!Officiel,malko,Da MeuhMeuh,NaNoBlaze,Jules_4LL4RT_,ZHippO,07/02/25,1
La Tribu de Fana,Looking For DShark,Looking For DShark,rich highlands,primordial,inland sea,tilted axis,seven seas,pangaea standard,lakes,catherine de medici (black queen),genghis khan,lautaro,menelik ii,tokugawa,poundmaker,shaka,kupe,philip ii,saladin (vizier),simon bolivar,trajan,soundiata keita,hammurabi,ambiorix,kublai khan (mongolia),montezuma,harald hardrada (varangian),peter,eleanor of aquitaine (england),nader shah,cyrus,pika,Dredhel,PaPaTT,Milamber,CaptainMorgan,FNCNemesis,Bourricot,Gara,07/02/25,1
Golden Age,Ulyss,Ulyss,tilted axis,pangaea standard,primordial,lakes,rich highlands,seven seas,pangaea classic,tomyris,harald hardrada,gitarja,philip ii,julius caesar,catherine de medici (black queen),dido,tokugawa,hojo tokimune,elizabeth i,eleanor of aquitaine (england),basil ii,trajan,harald varangian,kupe,victoria,joao iii,wilhelmina,alexander,kublai khan (mongolia),lautaro,genghis khan,Bewewen,Lege,Baptiste,ldk,Olaketal Amigo,Klexis Arempp,Lin Xia,romrom,08/02/25,1
Ulyss,Looking For DShark,Ulyss,rich highlands,primordial,pangaea standard,inland sea,seven seas,tilted axis,lakes,lautaro,menelik ii,harald varangian,genghis khan,kublai khan (mongolia),tokugawa,montezuma,saladin (vizier),philip ii,kupe,catherine de medici (black queen),suleiman (kanuni),eleanor of aquitaine (england),dido,poundmaker,shaka,jadwiga,trajan,john curtin,simon bolivar,nader shah,elizabeth i,[Coach] dISTORIA,FNCNemesis,Klexis Arempp,Milamber,ldk,Gara,Softstyle,ptitpascal,08/02/25,1
DShark,Freritos de la vega,Freritos de la vega,lakes,seven seas,pangaea classic,pangaea standard,tilted axis,rich highlands,primordial,ambiorix,genghis khan,saladin (vizier),menelik ii,tomyris,alexander,shaka,tokugawa,gilgamesh,lautaro,julius caesar,trajan,hammurabi,harald varangian,catherine de medici (black queen),montezuma,kublai khan (mongolia),simon bolivar,jadwiga,kupe,nader shah,cyrus,Pipo,Spriggou,Joce0six,(CivFR)Malm,Extazz üê•,Phyrsos,erwan,Bartsake,09/02/25,1
La Grande Barri√®re de Fromage,Arcanes,La Grande Barri√®re de Fromage,primordial,lakes,seven seas,pangaea standard,tilted axis,rich highlands,inland sea,tomyris,gitarja,tokugawa,harald hardrada,catherine de medici (black queen),philip ii,lautaro,joao iii,hojo tokimune,dido,pedro ii,basil ii,gilgamesh,harald varangian,kupe,elizabeth i,victoria age of steam,victoria,julius caesar,wilhelmina,trajan,cleopatra (egyptian),ZHippO,gwawel,malko,Tidube,fluk,mikado,NaNoBlaze,Omegaia,10/02/25,1
Arcanes,DShark,DShark,primordial,tilted axis,pangaea standard,seven seas,lakes,rich highlands,pangaea classic,catherine de medici (black queen),philip ii,tomyris,harald hardrada,eleanor of aquitaine (england),julius caesar,joao iii,genghis khan,elizabeth i,kupe,gilgamesh,victoria age of steam,kublai khan (mongolia),dido,gitarja,tokugawa,victoria,hojo tokimune,wilhelmina,trajan,cleopatra (egyptian),nader shah,Xiffy,floppyfloNG,Crudlove,erwan,Apeul,Pipo,gwawel,Apology,12/02/25,1
La Tribu de Fana,La Grande Barri√®re de Fromage,La Grande Barri√®re de Fromage,rich highlands,tilted axis,lakes,inland sea,pangaea standard,primordial,seven seas,lautaro,kupe,kublai khan (mongolia),menelik ii,ambiorix,tokugawa,shaka,philip ii,catherine de medici (black queen),genghis khan,montezuma,hammurabi,suleiman (kanuni),eleanor of aquitaine (england),saladin (vizier),poundmaker,trajan,simon bolivar,cleopatra (egyptian),elizabeth i,ludwig ii,robert the bruce,CaptainMorgan,Landdel,Nami,fluk,Fana,ZHippO,Bourricot,NaNoBlaze,12/02/25,1
Freritos de la vega,Arcanes,Freritos de la vega,lakes,tilted axis,seven seas,primordial,inland sea,pangaea standard,rich highlands,alexander,menelik ii,lautaro,kupe,tomyris,tokugawa,catherine de medici (black queen),gilgamesh,julius caesar,ambiorix,basil ii,montezuma,trajan,hammurabi,genghis khan,wu zetian,lady six sky,shaka,harald varangian,simon bolivar,cyrus,qin (mandate of heaven),(CivFR)Malm,Crudlove,Titiits,mikado,Spriggou,Apeul,Pompilidae,Jr la menace,13/02/25,1
Les SCAR,Golden Age,Golden Age,seven seas,primordial,lakes,rich highlands,inland sea,tilted axis,pangaea standard,alexander,philip ii,julius caesar,harald hardrada,tomyris,lautaro,catherine de medici (black queen),genghis khan,joao iii,hojo tokimune,kublai khan (mongolia),trajan,lady six sky,simon bolivar,gitarja,dido,elizabeth i,kupe,wu zetian,hammurabi,matthias corvinus,jadwiga,Unchained Dank,Geoffrusf,aramanis,Bewewen,Pebbleton,Boubsho,SJ,giara,14/02/25,1
Looking For DShark,Les SCAR,Les SCAR,pangaea standard,inland sea,tilted axis,seven seas,rich highlands,primordial,lakes,tomyris,gilgamesh,simon bolivar,julius caesar,menelik ii,catherine de medici (black queen),wu zetian,shaka,alexander,lautaro,basil ii,montezuma,saladin (vizier),matthias corvinus,trajan,kublai khan (mongolia),philip ii,ambiorix,jadwiga,tamar,nader shah,pachacuti,[MVP]koco,virgile le S,FNCNemesis,Barack,Milamber,SJ,ptitpascal,zdargore,16/02/25,1
Les SCAR,L'Animalerie,Les SCAR,rich highlands,inland sea,primordial,lakes,seven seas,pangaea standard,tilted axis,saladin (vizier),menelik ii,catherine de medici (black queen),kupe,alexander,genghis khan,shaka,ambiorix,lautaro,tokugawa,tamar,simon bolivar,wu zetian,basil ii,kublai khan (mongolia),poundmaker,philip ii,seondeok,montezuma,chandragupta,trajan,victoria age of steam,virgile le S,Adrydry,Unchained Dank,Bobnotarobot,zdargore,Da MeuhMeuh,SJ,Tearty!Officiel,16/02/25,1
L'Animalerie,Ulyss,Ulyss,pangaea standard,rich highlands,primordial,lakes,inland sea,seven seas,tilted axis,wu zetian,julius caesar,menelik ii,lautaro,shaka,genghis khan,tomyris,catherine de medici (black queen),ambiorix,basil ii,ba trieu,jadwiga,amanitore,gilgamesh,alexander,trajan,simon bolivar,kublai khan (mongolia),nader shah,montezuma,cyrus,harald varangian,Adrydry,killayad,Jules_4LL4RT_,Klexis Arempp,Da MeuhMeuh,[Coach] dISTORIA,Tearty!Officiel,Lege,19/02/25,1
La Tribu de Fana,Freritos de la vega,Freritos de la vega,pangaea standard,rich highlands,inland sea,primordial,tilted axis,seven seas,lakes,tokugawa,julius caesar,kublai khan (mongolia),alexander,shaka,tomyris,lautaro,genghis khan,wu zetian,catherine de medici (black queen),montezuma,philip ii,simon bolivar,hojo tokimune,kupe,ambiorix,hammurabi,trajan,cyrus,matthias corvinus,jaravarman vii,robert the bruce,Bourricot,Phyrsos,pika,(CivFR)Malm,Fana,Titiits,CaptainMorgan,Spriggou,19/02/25,1
La Grande Barri√®re de Fromage,Golden Age,Golden Age,primordial,pangaea standard,inland sea,tilted axis,lakes,rich highlands,seven seas,tokugawa,harald hardrada,catherine de medici (black queen),philip ii,tomyris,gitarja,dido,joao iii,kupe,hojo tokimune,victoria age of steam,lautaro,wilhelmina,genghis khan,julius caesar,victoria,eleanor of aquitaine (england),elizabeth i,kublai khan (mongolia),trajan,montezuma,kublai khan (china),fluk,Baptiste,malko,Geoffrusf,Landdel,Boubsho,ZHippO,Orval,20/02/25,1
Ulyss,La Tribu de Fana,Ulyss,pangaea standard,primordial,rich highlands,inland sea,lakes,tilted axis,seven seas,trajan,julius caesar,alexander,genghis khan,tomyris,shaka,kublai khan (mongolia),menelik ii,lautaro,catherine de medici (black queen),philip ii,ambiorix,matthias corvinus,basil ii,wu zetian,kupe,jadwiga,montezuma,nader shah,cyrus,hammurabi,mvemba a nzinga,Lege,Bourricot,Klexis Arempp,CaptainMorgan,Softstyle,Nami,romrom,Fana,20/02/25,1
Looking For DShark,DShark,Looking For DShark,primordial,rich highlands,tilted axis,lakes,inland sea,pangaea standard,seven seas,tokugawa,philip ii,lautaro,harald hardrada,tomyris,joao iii,timeout,kupe,harald varangian,genghis khan,trajan,dido,gilgamesh,kublai khan (mongolia),gitarja,hojo tokimune,elizabeth i,catherine de medici (black queen),nader shah,victoria,basil ii,hammurabi,[MVP]koco,Pipo,Ranash,Raym,Sedition,HellStar,Dredhel,floppyfloNG,21/02/25,1
Looking For DShark,Freritos de la vega,Freritos de la vega,seven seas,rich highlands,tilted axis,lakes,inland sea,pangaea standard,primordial,trajan,genghis khan,philip ii,harald hardrada,harald varangian,kupe,saladin (vizier),alexander,lautaro,tomyris,joao iii,hojo tokimune,wu zetian,kublai khan (mongolia),tokugawa,hammurabi,julius caesar,catherine de medici (black queen),montezuma,lady six sky,nader shah,victoria,ptitpascal,Titiits,Gara,ChucK,[MVP]koco,Spriggou,FNCNemesis,Pompilidae,21/02/25,1
Golden Age,Arcanes,Golden Age,primordial,pangaea standard,tilted axis,lakes,seven seas,inland sea,rich highlands,tomyris,philip ii,julius caesar,joao iii,tokugawa,gitarja,elizabeth i,harald hardrada,hojo tokimune,dido,catherine de medici (black queen),wilhelmina,victoria age of steam,lautaro,kupe,victoria,harald varangian,eleanor of aquitaine (england),kublai khan (china),trajan,kublai khan (mongolia),cleopatra (egyptian),Bewewen,Xiffy,giara,mikado,Boubsho,Crudlove,Lin Xia,Apeul,21/02/25,1
Freritos de la vega,L'Animalerie,Freritos de la vega,pangaea standard,tilted axis,rich highlands,inland sea,lakes,primordial,seven seas,alexander,julius caesar,tomyris,genghis khan,wu zetian,catherine de medici (black queen),lautaro,tokugawa,trajan,ambiorix,lady six sky,simon bolivar,kublai khan (mongolia),jadwiga,shaka,menelik ii,kupe,montezuma,ba trieu,matthias corvinus,hammurabi,nader shah,Bartsake,Bobnotarobot,Titiits,Da MeuhMeuh,Spriggou,Jules_4LL4RT_,Lythoxa,Tearty!Officiel,22/02/25,1
Les SCAR,Ulyss,Ulyss,seven seas,tilted axis,primordial,lakes,pangaea standard,rich highlands,inland sea,joao iii,julius caesar,philip ii,genghis khan,hojo tokimune,lautaro,alexander,kublai khan (mongolia),dido,harald hardrada,wu zetian,menelik ii,trajan,suleiman (muhtesem),gitarja,tokugawa,catherine de medici (black queen),kupe,lady six sky,montezuma,elizabeth i,jadwiga,Unchained Dank,[Coach] dISTORIA,virgile le S,S√πn bro,Barack,romrom,SJ,Klexis Arempp,23/02/25,1
La Tribu de Fana,Les SCAR,La Tribu de Fana,rich highlands,pangaea standard,tilted axis,primordial,lakes,inland sea,seven seas,philip ii,saladin (vizier),tokugawa,kupe,kublai khan (mongolia),genghis khan,ambiorix,menelik ii,poundmaker,lautaro,trajan,montezuma,alexander,tamar,catherine de medici (black queen),shaka,hammurabi,harald varangian,robert the bruce,simon bolivar,dido,john curtin,Bourricot,virgile le S,CaptainMorgan,Unchained Dank,pika,aramanis,Fana,SJ,26/02/25,1
DShark,Golden Age,DShark,primordial,tilted axis,pangaea standard,inland sea,lakes,seven seas,rich highlands,tokugawa,harald hardrada,tomyris,philip ii,gilgamesh,gitarja,dido,joao iii,elizabeth i,harald varangian,catherine de medici (black queen),lady six sky,julius caesar,wilhelmina,kupe,hojo tokimune,eleanor of aquitaine (england),victoria,trajan,kublai khan (china),kublai khan (mongolia),victoria age of steam,Joce0six,Olaketal Amigo,Pipo,Baptiste,Apology,Geoffrusf,floppyfloNG,Boubsho,26/02/25,1
La Grande Barri√®re de Fromage,DShark,DShark,rich highlands,pangaea standard,inland sea,lakes,seven seas,primordial,tilted axis,jadwiga,genghis khan,shaka,menelik ii,tokugawa,lautaro,poundmaker,kupe,saladin (vizier),ambiorix,harald varangian,eleanor of aquitaine (england),robert the bruce,simon bolivar,catherine de medici (black queen),kublai khan (mongolia),trajan,montezuma,ludwig ii,philip ii,dido,alexander,Landdel,erwan,ZHippO,Apology,NaNoBlaze,Extazz üê•,malko,Pipo,27/02/25,1
Arcanes,Looking For DShark,Looking For DShark,rich highlands,tilted axis,pangaea standard,seven seas,lakes,primordial,inland sea,saladin (vizier),menelik ii,shaka,genghis khan,hammurabi,lautaro,kupe,tokugawa,trajan,ambiorix,basil ii,montezuma,simon bolivar,poundmaker,philip ii,harald varangian,kublai khan (mongolia),catherine de medici (black queen),ludwig ii,dido,cyrus,matthias corvinus,Apeul,Milamber,Tidube,Dredhel,gwawel,FNCNemesis,Jr la menace,Gabzou,28/02/25,1
L'Animalerie,Arcanes,Arcanes,rich highlands,lakes,inland sea,pangaea standard,tilted axis,primordial,seven seas,philip ii,menelik ii,shaka,saladin (vizier),alexander,kupe,catherine de medici (black queen),genghis khan,tokugawa,ambiorix,poundmaker,jadwiga,kristina,simon bolivar,lautaro,kublai khan (mongolia),trajan,montezuma,eleanor of aquitaine (england),harald varangian,matthias corvinus,victoria age of steam,Poolp,Crudlove,Da MeuhMeuh,Omegaia,Bobnotarobot,mikado,Jules_4LL4RT_,Xiffy,01/03/25,1
Les SCAR,La Grande Barri√®re de Fromage,La Grande Barri√®re de Fromage,rich highlands,tilted axis,pangaea standard,primordial,lakes,seven seas,inland sea,philip ii,tamar,catherine de medici (black queen),menelik ii,lautaro,genghis khan,julius caesar,tokugawa,montezuma,saladin (vizier),shaka,kublai khan (mongolia),harald varangian,simon bolivar,kupe,poundmaker,trajan,ambiorix,robert the bruce,alexander,hammurabi,elizabeth i,SJ,NaNoBlaze,Unchained Dank,ZHippO,Barack,malko,zdargore,fluk,02/03/25,1
La Tribu de Fana,Arcanes,La Tribu de Fana,lakes,primordial,tilted axis,pangaea standard,inland sea,rich highlands,seven seas,philip ii,kupe,shaka,lautaro,tomyris,julius caesar,catherine de medici (black queen),alexander,kublai khan (mongolia),genghis khan,trajan,matthias corvinus,ambiorix,montezuma,menelik ii,wu zetian,simon bolivar,harald varangian,poundmaker,hammurabi,dido,(sub,CaptainMorgan,gwawel,pika,Omegaia,Bourricot,Jr la menace,Fana,mikado,05/03/25,1
L'Animalerie,Looking For DShark,L'Animalerie,pangaea standard,inland sea,rich highlands,primordial,lakes,tilted axis,seven seas,kublai khan (mongolia),julius caesar,wu zetian,genghis khan,shaka,alexander,tomyris,catherine de medici (black queen),menelik ii,lautaro,simon bolivar,montezuma,basil ii,theodora,ambiorix,jadwiga,kupe,trajan,nader shah,matthias corvinus,cyrus,hammurabi,Bobnotarobot,Ranash,Yogdrael,Dredhel,Adrydry,Gabzou,Da MeuhMeuh,ptitpascal,05/03/25,1
Freritos de la vega,Ulyss,Ulyss,rich highlands,inland sea,lakes,primordial,pangaea standard,tilted axis,seven seas,trajan,genghis khan,shaka,kublai khan (mongolia),kupe,menelik ii,alexander,theodora,basil ii,poundmaker,hammurabi,harald varangian,matthias corvinus,montezuma,saladin (vizier),lautaro,simon bolivar,scotland,,mansa musa,philip ii,jadwiga,Titiits,[Coach] dISTORIA,(CivFR)Malm,ldk,ChucK,Lege,Spriggou,Klexis Arempp,07/03/25,1
Golden Age,L'Animalerie,Golden Age,tilted axis,lakes,rich highlands,pangaea standard,primordial,inland sea,7seas,julius caesar,genghis khan,tomyris,gitarja,wu zetian,harald hardrada,lautaro,kupe,catherine de medici (black queen),pedro ii,kublai khan (mongolia),elizabeth i,montezuma,alexander,joao iii,hojo tokimune,philip ii,trajan,wilhelmina,gilgamesh,kublai khan (china),victoria,Baptiste,Fankus,Boubsho,Oranssi_,Olaketal Amigo,Jules_4LL4RT_,Orval,Da MeuhMeuh,07/03/25,1
Ulyss,La Grande Barri√®re de Fromage,Ulyss,seven seas,primordial,lakes,inland sea,pangaea standard,tilted axis,rich highlands,philip ii,harald varangian,julius caesar,kupe,kublai khan (mongolia),genghis khan,matthias corvinus,catherine de medici (black queen),lautaro,menelik ii,trajan,nader shah,suleiman (kanuni),simon bolivar,harald hardrada,montezuma,wu zetian,shaka,tomyris,dido,hammurabi,eleanor of aquitaine (france),Lege,ZHippO,ldk,Hush,Softstyle,malko,romrom,NaNoBlaze,07/03/25,1
La Tribu de Fana,Golden Age,La Tribu de Fana,rich highlands,primordial,unknown,lakes,tilted axis,pangaea standard,seven seas,ambiorix,menelik ii,shaka,saladin (vizier),philip ii,lautaro,poundmaker,genghis khan,catherine de medici (black queen),kupe,dido,hammurabi,trajan,tamar,kublai khan (mongolia),tokugawa,harald varangian,montezuma,robert the bruce,simon bolivar,cyrus,matthias corvinus,Bourricot,Baptiste,CaptainMorgan,Bewewen,pika,Orval,Fana,giara,07/03/25,1
Freritos de la vega,La Grande Barri√®re de Fromage,Freritos de la vega,rich highlands,inland sea,pangaea standard,tilted axis,lakes,primordial,seven seas,alexander,menelik ii,kupe,saladin (vizier),lautaro,ambiorix,genghis khan,poundmaker,kublai khan (mongolia),robert the bruce,harald varangian,montezuma,matthias corvinus,trajan,hammurabi,philip ii,shaka,catherine de medici (black queen),ludwig ii,simon bolivar,cyrus,mvemba a nzinga,Spriggou,ZHippO,Phyrsos,NaNoBlaze,Titiits,malko,Pompilidae,VOKTR,09/03/25,1
Ulyss,Arcanes,Ulyss,seven seas,pangaea standard,tilted axis,lakes,primordial,inland sea,rich highlands,lautaro,saladin (vizier),julius caesar,menelik ii,trajan,harald varangian,catherine de medici (black queen),genghis khan,wu zetian,kupe,jadwiga,simon bolivar,joao iii,montezuma,harald hardrada,philip ii,shaka,kublai khan (mongolia),hammurabi,eleanor of aquitaine (england),gilgamesh,basil ii,Lege,Xiffy,[Coach] dISTORIA,Crudlove,romrom,Apeul,Klexis Arempp,Omegaia,12/03/25,1
DShark,La Tribu de Fana,DShark,rich highlands,seven seas,primordial,inland sea,pangaea standard,tilted axis,lakes,ambiorix,genghis khan,shaka,menelik ii,philip ii,catherine de medici (black queen),saladin (vizier),kublai khan (mongolia),poundmaker,lautaro,simon bolivar,trajan,alexander,hammurabi,kupe,montezuma,tokugawa,harald varangian,cyrus,nader shah,theodora,eleanor of aquitaine (england),Joce0six,Bourricot,Extazz üê•,CaptainMorgan,Raym,Armandarine,Pipo,Fana,13/03/25,1
Les SCAR,Freritos de la vega,Freritos de la vega,pangaea standard,rich highlands,tilted axis,lakes,inland sea,seven seas,primordial,shaka,genghis khan,julius caesar,wu zetian,menelik ii,alexander,ambiorix,tomyris,lautaro,catherine de medici (black queen),nader shah,basil ii,cyrus,montezuma,kublai khan (mongolia),trajan,simon bolivar,matthias corvinus,pachacuti,jadwiga,philip ii,kristina,virgile le S,Spriggou,Valeb,Pompilidae,zdargore,Titiits,aramanis,ChucK,14/03/25,1
L'Animalerie,DShark,DShark,pangaea standard,primordial,inland sea,lakes,seven seas,rich highlands,tilted axis,wu zetian,genghis khan,tomyris,julius caesar,kublai khan (mongolia),catherine de medici (black queen),menelik ii,ambiorix,kupe,lautaro,jadwiga,montezuma,gilgamesh,hammurabi,shaka,alexander,trajan,simon bolivar,nader shah,matthias corvinus,lady six sky,cyrus,Oranssi_,Nawyk,Jules_4LL4RT_,Pipo,Da MeuhMeuh,Extazz üê•,Bobnotarobot,Joce0six,14/03/25,1
La Grande Barri√®re de Fromage,Looking For DShark,La Grande Barri√®re de Fromage,seven seas,lakes,primordial,pangaea standard,tilted axis,rich highlands,inland sea,philip ii,harald hardrada,lautaro,genghis khan,tomyris,kupe,kublai khan (mongolia),julius caesar,gitarja,menelik ii,matthias corvinus,montezuma,nader shah,wu zetian,basil ii,harald varangian,hojo tokimune,catherine de medici (black queen),joao iii,trajan,hammurabi,victoria,Hush,Milamber,ZHippO,Gara,malko,Sedition,fluk,FNCNemesis,14/03/25,1
Les SCAR,DShark,DShark,primordial,rich highlands,seven seas,pangaea standard,tilted axis,lakes,inland sea,harald varangian,harald hardrada,gitarja,philip ii,julius caesar,joao iii,hojo tokimune,kupe,dido,elizabeth i,genghis khan,victoria age of steam,catherine de medici (black queen),john curtin,eleanor of aquitaine (england),victoria,wilhelmina,tomyris,pedro ii,trajan,cyrus,kublai khan (mongolia),Valeb,Pipo,SJ,erwan,zdargore,Raym,PicSelGu√©rande,Apology,17/03/25,1
Looking For DShark,La Tribu de Fana,La Tribu de Fana,rich highlands,seven seas,primordial,pangaea standard,tilted axis,inland sea,lakes,philip ii,menelik ii,kublai khan (mongolia),genghis khan,harald varangian,lautaro,shaka,catherine de medici (black queen),ambiorix,montezuma,basil ii,simon bolivar,hammurabi,nader shah,kupe,poundmaker,trajan,saladin (vizier),alexander,eleanor of aquitaine (england),peter,robert the bruce,Gabzou,Bourricot,Ranash,CaptainMorgan,FNCNemesis,Fana,ptitpascal,pika,17/03/25,1
Golden Age,Freritos de la vega,Freritos de la vega,rich highlands,pangaea standard,tilted axis,lakes,primordial,seven seas,inland sea,saladin (vizier),genghis khan,poundmaker,menelik ii,hammurabi,lautaro,kublai khan (mongolia),alexander,harald varangian,shaka,jadwiga,simon bolivar,matthias corvinus,montezuma,kupe,ambiorix,philip ii,trajan,basil ii,eleanor of aquitaine (england),nader shah,pedro ii,Boubsho,Lythoxa,Olaketal Amigo,Pompilidae,Lin Xia,Titiits,Baptiste,Spriggou,19/03/25,1
Arcanes,Freritos de la vega,Arcanes,rich highlands,seven seas,tilted axis,pangaea standard,primordial,lakes,inland sea,saladin (vizier),genghis khan,poundmaker,lautaro,hammurabi,menelik ii,harald varangian,shaka,ambiorix,kublai khan (mongolia),basil ii,montezuma,theodora,matthias corvinus,simon bolivar,kupe,philip ii,trajan,victoria age of steam,pedro ii,eleanor of aquitaine (england),nader shah,Apeul,Phyrsos,Omegaia,(CivFR)Malm,Xiffy,Spriggou,Jr la menace,Pompilidae,19/03/25,1
La Grande Barri√®re de Fromage,L'Animalerie,L'Animalerie,rich highlands,pangaea standard,primordial,lakes,seven seas,inland sea,tilted axis,lautaro,genghis khan,shaka,menelik ii,poundmaker,ambiorix,saladin (vizier),kupe,philip ii,kublai khan (mongolia),trajan,eleanor of aquitaine (england),hammurabi,harald varangian,basil ii,catherine de medici (black queen),robert the bruce,montezuma,simon bolivar,victoria age of steam,cleopatra (ptolemaic),mansa musa,Hush,Da MeuhMeuh,NaNoBlaze,Adrydry,fluk,Bobnotarobot,ZHippO,Yogdrael,19/03/25,1
Ulyss,Golden Age,Ulyss,seven seas,primordial,pangaea standard,tilted axis,lakes,inland sea,rich highlands,philip ii,cleopatra (ptolemaic),julius caesar,harald hardrada,eleanor of aquitaine (england),saladin (vizier),lautaro,menelik ii,kublai khan (mongolia),genghis khan,basil ii,montezuma,trajan,jadwiga,harald varangian,kupe,hammurabi,catherine de medici (black queen),theodora,matthias corvinus,shaka,joao iii,Lege,Boubsho,romrom,Olaketal Amigo,Klexis Arempp,giara,[Coach] dISTORIA,Baptiste,20/03/25,1
La Grande Barri√®re de Fromage,La Tribu de Fana,La Tribu de Fana,seven seas,lakes,primordial,rich highlands,tilted axis,pangaea standard,inland sea,lautaro,genghis khan,kublai khan (mongolia),julius caesar,harald varangian,cleopatra (ptolemaic),philip ii,catherine de medici (black queen),harald hardrada,basil ii,tomyris,gitarja,elizabeth i,eleanor of aquitaine (england),kupe,menelik ii,shaka,alexander,hammurabi,trajan,montezuma,pedro ii,ZHippO,CaptainMorgan,Hush,Fana,fluk,Armandarine,Landdel,pika,21/03/25,1
Looking For DShark,Golden Age,Golden Age,primordial,rich highlands,pangaea standard,lakes,inland sea,seven seas,tilted axis,kublai khan (mongolia),harald hardrada,catherine de medici (black queen),gitarja,harald varangian,philip ii,hojo tokimune,kupe,elizabeth i,joao iii,victoria age of steam,trajan,wilhelmina,gilgamesh,tomyris,dido,eleanor of aquitaine (england),victoria,nader shah,kublai khan (china),basil ii,cyrus,ptitpascal,giara,FNCNemesis,Baptiste,Sedition,Geoffrusf,Milamber,Bewewen,22/03/25,1
DShark,Ulyss,Ulyss,tilted axis,seven seas,pangaea standard,inland sea,lakes,rich highlands,primordial,elizabeth i,gitarja,harald varangian,harald hardrada,tomyris,julius caesar,genghis khan,philip ii,wilhelmina,kublai khan (mongolia),kupe,trajan,joao iii,catherine de medici (black queen),dido,eleanor of aquitaine (england),cleopatra (ptolemaic),basil ii,hojo tokimune,john curtin,victoria,suleiman (kanuni),erwan,Lege,Apology,Klexis Arempp,floppyfloNG,ldk,Nawyk,[Coach] dISTORIA,24/03/25,1
Cercle des Colons Disparus,Les Maisonneux,Cercle des Colons Disparus,rich highlands,lakes,pangaea standard,seven seas,tilted axis,inland sea,primordial,tomyris,kupe,kublai khan (mongolia),philip ii,lautaro,menelik ii,genghis khan,tokugawa,ambiorix,alexander,catherine de medici (black queen),simon bolivar,trajan,hammurabi,poundmaker,eleanor of aquitaine (england),shaka,montezuma,harald varangian,basil ii,seondeok,hojo tokimune,Jaguarmama,Aelinor,DVD_Gueux1.0,Tellio,El Gogol,A Soviet Goat,PCS_picfix,theflowgate,18/01/25,2
Le Tort Tue,BDC,BDC,inland sea,rich highlands,unknown,primordial,pangaea standard,tilted axis,lakes,julius caesar,harald hardrada,tomyris,alexander,hammurabi,genghis khan,philip ii,gitarja,kupe,joao iii,gilgamesh,elizabeth i,wu zetian,montezuma,hojo tokimune,catherine de medici (black queen),victoria,dido,shaka,poundmaker,trajan,victoria age of steam,Mightee UwU,BoozyB,Hamstroll,PITE,JazzyJazz,ZheBed,AxeL,Hoobbbb,19/01/25,2
La Confiture d'Irrel,Middle Moove,La Confiture d'Irrel,seven seas,primordial,pangaea standard,tilted axis,rich highlands,inland sea,lakes,lautaro,kupe,genghis khan,alexander,tomyris,harald hardrada,catherine de medici (black queen),philip ii,kublai khan (mongolia),dido,montezuma,julius caesar,joao iii,nader shah,hojo tokimune,wu zetian,trajan,pedro ii,basil ii,elizabeth i,victoria,peter,Gwernaroth,picaljean,Adrien,Mr.P,matharz,Harentros,zeyox,Seb,21/01/25,2
La Confiture d'Irrel,Cercle des Colons Disparus,Cercle des Colons Disparus,rich highlands,pangaea standard,lakes,seven seas,primordial,inland sea,tilted axis,lautaro,genghis khan,kupe,menelik ii,alexander,ambiorix,tomyris,philip ii,kublai khan (mongolia),poundmaker,hammurabi,eleanor of aquitaine (england),harald varangian,tamar,catherine de medici (black queen),shaka,trajan,montezuma,jaravarman vii,tokugawa,hojo tokimune,simon bolivar,Kerrnel,Pirtit,Gwernaroth,DVD_Gueux1.0,matharz,PCS_picfix,[Coach]txoumin,tirem6983,23/01/25,2
Les Esperluettes poliorc√®tes,Le Tort Tue,Les Esperluettes poliorc√®tes,pangaea standard,rich highlands,unknown,primordial,pangaea classic,tilted axis,lakes,simon bolivar,genghis khan,philip ii,alexander,tomyris,lautaro,kupe,shaka,kublai khan (mongolia),gilgamesh,tokugawa,ambiorix,wu zetian,cleopatra (egyptian),catherine de medici (black queen),julius caesar,trajan,montezuma,tamar (better than,matthias corvinus,pachacuti,jadwiga,Ouiski,Munja,PayDave,EvanTheCube,merguez,JazzyJazz,jibou,AxeL,24/01/25,2
Les 4 Poneys de l'Apocalypse,Why So Sexy ?,Why So Sexy ?,seven seas,primordial,pangaea classic,pangaea standard,rich highlands,tilted axis,lakes,julius caesar,harald hardrada,alexander,philip ii,tomyris,kupe,catherine de medici (black queen),ambiorix,lautaro,genghis khan,trajan,kublai khan (mongolia),gitarja,matthias corvinus,elizabeth i,harald varangian,simon bolivar,tokugawa,hammurabi,ludwig ii,catherine magnifique,montezuma,Rnaw,LegendMaksat,IssamDude,Marco,Smilol,Shizu,Batlle,AdamTheEnginerd,25/01/25,2
Les Esperluettes poliorc√®tes,Les Maisonneux,Les Maisonneux,seven seas,rich highlands,pangaea standard,lakes,primordial,tilted axis,inland sea,tokugawa,genghis khan,tomyris,lautaro,alexander,philip ii,catherine de medici (black queen),julius caesar,kupe,harald hardrada,montezuma,trajan,dido,matthias corvinus,gilgamesh,wu zetian,kublai khan (mongolia),menelik ii,pedro ii,hojo tokimune,elizabeth i,hammurabi,jibou,corndacier,Ouiski,Selvans,1 7 0 8,kro,THORTANK,AureoleSolide,26/01/25,2
Middle Moove,Cercle des Colons Disparus,Cercle des Colons Disparus,rich highlands,inland sea,seven seas,pangaea standard,lakes,primordial,tilted axis,poundmaker,genghis khan,montezuma,menelik ii,tokugawa,lautaro,alexander,ambiorix,catherine de medici (black queen),tomyris,tamar,basil ii,trajan,matthias corvinus,shaka,kupe,hojo tokimune,philip ii,hammurabi,kublai khan (mongolia),qin (mandate of heaven),simon bolivar,picaljean,El Gogol,Psychat,tirem6983,toto,Pirtit,Seb,DVD_Gueux1.0,28/01/25,2
BDC,Blue Narvals,BDC,inland sea,primordial,rich highlands,pangaea standard,lakes,tilted axis,seven seas,gilgamesh,harald hardrada,philip ii,gitarja,tomyris,dido,julius caesar,lautaro,alexander,genghis khan,victoria age of steam,wu zetian,elizabeth i,simon bolivar,catherine de medici (black queen),hojo tokimune,joao iii,trajan,eleanor of aquitaine (england),victoria,hammurabi,lady six sky,BoozyB,Shawcker,Hoobbbb,keabambi,PITE,cynth,ZheBed,Orkyo,28/01/25,2
BDC,Why So Sexy ?,BDC,lakes,seven seas,inland sea,primordial,tilted axis,pangaea standard,rich highlands,shaka,ambiorix,tomyris,lautaro,julius caesar,genghis khan,alexander,simon bolivar,gilgamesh,kupe,kublai khan (mongolia),basil ii,tokugawa,theodora,catherine de medici (black queen),philip ii,hammurabi,harald varangian,trajan,lady six sky,yongle,mvemba a nzinga,firespace83,Tyler Durden,Overekt,LegendMaksat,Hoobbbb,arachnophobia,ZheBed,Shizu,29/01/25,2
Les 4 Poneys de l'Apocalypse,Middle Moove,Middle Moove,tilted axis,pangaea classic,rich highlands,pangaea standard,primordial,seven seas,lakes,catherine de medici (black queen),harald hardrada,tomyris,kupe,julius caesar,gitarja,lautaro,alexander,genghis khan,philip ii,gilgamesh,trajan,montezuma,cleopatra (egyptian),elizabeth i,joao iii,victoria,hojo,gorgo,wu zetian,kublai khan (mongolia),eleanor of aquitaine (england),Rnaw,picaljean,Canard Cossu,Psychat,Exvupur,Seb,Smilol,toto,29/01/25,2
La Confiture d'Irrel,Blue Narvals,Blue Narvals,rich highland,primordial,inland sea,tilted axis,pangaea standard,seven seas,lakes,ambiorix,menelik ii,trajan,philip ii,catherine de medici (black queen),kupe,tokugawa,genghis khan,simon bolivar,lautaro,tamar,harald varangian,saladin (vizier),tomyris,victoria age of steam,poudmaker,montezuma,shaka,kublai khan (mongolia),jadwiga,basil ii,eleanor of aquitaine (england),[Coach]txoumin,Shawcker,zeyox,keabambi,Shadraw,Elie,matharz,Orkyo,30/01/25,2
Les Maisonneux,Les 4 Poneys de l'Apocalypse,Les 4 Poneys de l'Apocalypse,tilted axis,pangaea standard,primordial,rich highlands,lakes,seven seas,inland sea,catherine de medici (black queen),harald hardrada,lautaro,philip ii,alexander,genghis khan,gitarja,hojo tokimune,tomyris,kupe,joao iii,montezuma,dido,basil ii,gilgamesh,tokugawa,elizabeth i,julius caesar,victoria,trajan,nader shah,kublai khan (mongolia),corndacier,Exvupur,theflowgate,Smilol,Aelinor,Ping,Selvans,IssamDude,31/01/25,2
Blue Narvals,Le Tort Tue,Blue Narvals,pangaea standard,tilted axis,primordial,seven seas,inland sea,rich highlands,lakes,ambiorix,julius caesar,alexander,genghis khan,trajan,kupe,simon bolivar,catherine de medici (black queen),lautaro,tomyris,montezuma,philip ii,mansa musa,wu zetian,shaka,gilgamesh,jadwiga,menelik ii,tokugawa,matthias corvinus,nader shah,cyrus,keabambi,Hamstroll,Elie,JazzyJazz,Fatman,AxeL,Pyke,ScaryNow,02/02/25,2
Why So Sexy ?,Les Esperluettes poliorc√®tes,Why So Sexy ?,rich highlands,inland sea,lakes,primordial,seven seas,pangaea standard,tilted axis,kupe,philip ii,catherine de medici (black queen),shaka,poundmaker,tokugawa,ambiorix,genghis khan,simon bolivar,montezuma,eleanor of aquitaine (england),catherine de medici (manificence),harald varangian,hammurabi,lautaro,menelik ii,kublai khan (mongolia),trajan,pedro ii,nader shah,eleanor of aquitaine (france),gorgo,LegendMaksat,merguez,Marco,jibou,Tyler Durden,PayDave,AdamTheEnginerd,1 7 0 8,02/02/25,2
Blue Narvals,Les Maisonneux,Blue Narvals,inland sea,rich highlands,primordial,seven seas,pangaea standard,tilted axis,lakes,philip ii,harald hardrada,lady six sky,genghis khan,alexander,lautaro,hojo tokimune,tomyris,gitarja,gilgamesh,elizabeth i,trajan,victoria,shaka,catherine de medici (black queen),kupe,dido,tokugawa,harald varangian,kublai khan (mongolia),simon bolivar,basil ii,Elie,Selvans,keabambi,AureoleSolide,Fatman,Tellio,Pyke,A Soviet Goat,05/02/25,2
La Confiture d'Irrel,Les 4 Poneys de l'Apocalypse,La Confiture d'Irrel,pangaea standard,primordial,unknown,inland sea,seven seas,rich highlands,tilted axis,kupe,genghis khan,tomyris,alexander,montezuma,lautaro,kublai khan (mongolia),julius caesar,ba trieu,shaka,trajan,matthias corvinus,suleiman (kanuni),menelik ii,catherine de medici (black queen),ambiorix,wu zetian,gilgamesh,hojo tokimune,nader shah,basil ii,simon bolivar,Adrien,Exvupur,[Coach]txoumin,Ping,zeyox,IssamDude,matharz,Smilol,05/02/25,2
Les Esperluettes poliorc√®tes,Cercle des Colons Disparus,Les Esperluettes poliorc√®tes,rich highlands,inland sea,seven seas,lakes,primordial,pangaea standard,tilted axis,alexander,menelik ii,catherine de medici (black queen),kupe,wu zetian,genghis khan,kublai khan (mongolia),lautaro,tomyris,tamar,trajan,basil ii,gilgamesh,tokugawa,shaka,philip ii,simon bolivar,poundmaker,suleiman (muhtesem),ambiorix,montezuma,cyrus,merguez,tirem6983,PassionTruite,arachnophobia,THORTANK,PCS_picfix,jibou,DVD_Gueux1.0,06/02/25,2
BDC,Middle Moove,BDC,rich highlands,tilted axis,inland sea,seven seas,lakes,primordial,pangaea standard,catherine de medici (black queen),menelik ii,kublai khan (mongolia),kupe,ambiorix,genghis khan,poundmaker,lautaro,philip ii,simon bolivar,tomyris,trajan,basil ii,hammurabi,tokugawa,alexander,harald varangian,shaka,jadwiga,montezuma,nader shah,eleanor of aquitaine (england),Salto,picaljean,Overekt,Psychat,Fahrell,Seb,firespace83,toto,07/02/25,2
Le Tort Tue,Why So Sexy ?,Why So Sexy ?,7 seas,lakes,inland sea,timeout,pangaea standard,rich highlands,tilted axis,timeout,harald hardrada,genghis khan,alexander,tomyris,kupe,julius caesar,lautaro,tokugawa,philip ii,gitarja,basil ii,simon bolivar,montezuma,catherine de medici (black queen),kublai khan (mongolia),trajan,elizabeth i,harald varangian,ludwig ii,poundmaker,qin (unifier),Mightee UwU,Shizu,JazzyJazz,Marco,AxeL,AdamTheEnginerd,LastSnow,LegendMaksat,07/02/25,2
Cercle des Colons Disparus,Les 4 Poneys de l'Apocalypse,Les 4 Poneys de l'Apocalypse,seven seas,lakes,rich highlands,inland sea,primordial,tilted axis,pangaea standard,catherine de medici (black queen),julius caesar,lautaro,alexander,gilgamesh,genghis khan,philip ii,harald hardrada,tomyris,kublai khan (mongolia),harald varangian,ludwig ii,trajan,montezuma,kupe,wu zetian,simon bolivar,tokugawa,poundmaker,elizabeth i,suleiman (kanuni),matthias corvinus,El Gogol,blaireau,DVD_Gueux1.0,Smilol,Jaguarmama,Rnaw,PCS_picfix,Exvupur,08/02/25,2
Le Tort Tue,La Confiture d'Irrel,Le Tort Tue,pangaea standard,inland sea,primordial,rich highlands,tilted axis,lakes,seven seas,shaka,genghis khan,matthias corvinus,catherine de medici (black queen),menelik ii,alexander,tomyris,julius caesar,kupe,lautaro,montezuma,philip ii,gilgamesh,tokugawa,kublai khan (mongolia),wu zetian,simon bolivar,trajan,nader shah,basil ii,saladin (vizier),hojo tokimune,Firnice,Kerrnel,Mightee UwU,Albator,JazzyJazz,matharz,Hamstroll,zeyox,08/02/25,2
Les Maisonneux,BDC,BDC,rich highlands,inland sea,seven seas,pangaea standard,tilted axis,primordial,lakes,catherine de medici (black queen),menelik ii,lautaro,tokugawa,genghis khan,kupe,shaka,harald varangian,julius caesar,philip ii,eleanor of aquitaine (england),montezuma,hammurabi,seondeok,ambiorix,kublai khan (mongolia),alexandre,poundmaker,trajan,jadwiga,elizabeth i,victoria age of steam,kro,La Blasc,theflowgate,PITE,A Soviet Goat,Fahrell,Aelinor,Salto,09/02/25,2
Middle Moove,Les Esperluettes poliorc√®tes,Middle Moove,lakes,inland sea,rich highlands,primordial,tilted axis,pangaea standard,seven seas,lautaro,genghis khan,catherine de medici (black queen),alexander,simon bolivar,kublai khan (mongolia),wu zetian,kupe,shaka,philip ii,trajan,montezuma,poundmaker,tokugawa,tomyris,menelik ii,ambiorix,gilgamesh,matthias corvinus,hammurabi,hojo tokimune,tamar,picaljean,Ouiski,Seb,jibou,Mr.P,PayDave,toto,merguez,10/02/25,2
Cercle des Colons Disparus,BDC,BDC,rich highlands,lakes,seven seas,primordial,tilted axis,inland sea,pangaea standard,genghis khan,menelik ii,tomyris,tokugawa,alexander,kupe,kublai khan (mongolia),lautaro,poundmaker,catherine de medici (black queen),seondeok,montezuma,nader shah,ambiorix,shaka,harald varangian,philip ii,simon bolivar,trajan,hammurabi,pedro ii,yongle,Pirtit,Overekt,PCS_picfix,firespace83,arachnophobia,La Blasc,Camil√©one,ZheBed,11/02/25,2
Les 4 Poneys de l'Apocalypse,Les Esperluettes poliorc√®tes,Les 4 Poneys de l'Apocalypse,tilted axis,inland sea,lakes,primordial,seven seas,pangaea standard,rich highlands,catherine de medici (black queen),julius caesar,tokugawa,genghis khan,tomyris,alexander,wu zetian,kupe,lautaro,gitarja,dido,gilgamesh,elizabeth i,wilhelmina,harald hardrada,philip ii,kublai khan (mongolia),joao iii,victoria,trajan,hammurabi,nader shah,Rnaw,jibou,Smilol,merguez,Spartiate,PayDave,Exvupur,1 7 0 8,13/02/25,2
Les Maisonneux,Le Tort Tue,Le Tort Tue,rich highlands,pangaea standard,primordial,tilted axis,inland sea,seven seas,lakes,catherine de medici (black queen),tokugawa,lautaro,ambiorix,genghis khan,menelik ii,shaka,kupe,kublai khan (mongolia),tomyris,wu zetian,montezuma,basil ii,seondeok,philip ii,gilgamesh,poundmaker,simon bolivar,jadwiga,trajan,harald varangian,saladin (vizier),kro,JazzyJazz,corndacier,LastSnow,AureoleSolide,EvanTheCube,theflowgate,Hamstroll,13/02/25,2
Middle Moove,Blue Narvals,Blue Narvals,lakes,pangaea standard,tilted axis,inland sea,seven seas,primordial,rich highlands,catherine de medici (black queen),genghis khan,lautaro,gilgamesh,kupe,ambiorix,julius caesar,alexander,tomyris,shaka,matthias corvinus,montezuma,wu zetian,menelik ii,philip ii,trajan,basil ii,simon bolivar,harald varangian,tokugawa,hammurabi,jadwiga,toto,keabambi,picaljean,Shawcker,Seb,Fatman,Harentros,Elie,13/02/25,2
Why So Sexy ?,La Confiture d'Irrel,Why So Sexy ?,seven seas,pangaea standard,lakes,inland sea,rich highlands,primordial,tilted axis,catherine de medici (black queen),alexander,lautaro,kupe,tomyris,philip ii,tokugawa,julius caesar,genghis khan,kublai khan (mongolia),basil ii,simon bolivar,montezuma,wu zetian,harald varangian,trajan,gitarja,elizabeth i,cyrus,gilgamesh,eleanor of aquitaine (france),nader shah,LegendMaksat,Albator,Marco,[Coach]txoumin,Shizu,Kerrnel,AdamTheEnginerd,Adrien,15/02/25,2
Why So Sexy ?,Blue Narvals,Why So Sexy ?,pangaea standard,lakes,primordial,inland sea,seven seas,rich highlands,tilted axis,shaka,ambiorix,catherine de medici (black queen),genghis khan,trajan,lautaro,wu zetian,alexander,tomyris,timeout,basil ii,montezuma,matthias corvinus,kublai khan (mongolia),julius caesar,simon bolivar,philip ii,gilgamesh,cyrus,tokugawa,theodora,nader shah,Shizu,Orkyo,Marco,keabambi,DVD_Gueux1.0,Fatman,LegendMaksat,Pyke,16/02/25,2
Les Maisonneux,Middle Moove,Les Maisonneux,rich highlands,seven seas,inland sea,pangaea standard,lakes,primordial,tilted axis,shaka,menelik ii,lautaro,tokugawa,catherine de medici (black queen),kupe,kublai khan (mongolia),genghis khan,poundmaker,alexander,trajan,wu zetian,simon bolivar,montezuma,philip ii,ambiorix,seondeok,tamar,hammurabi,eleanor of aquitaine (england),victoria age of steam,catherine de medici (manificence),kro,Seb,theflowgate,Psychat,AureoleSolide,toto,Aelinor,picaljean,19/02/25,2
La Confiture d'Irrel,BDC,BDC,rich highlands,inland sea,pangaea standard,primordial,seven seas,tilted axis,lakes,kublai khan (mongolia),genghis khan,jadwiga,kupe,philip ii,menelik ii,tokugawa,lautaro,catherine de medici (black queen),shaka,tomyris,eleanor of aquitaine (england),wu zetian,seondeok,ambiorix,simon bolivar,hammurabi,trajan,yongle,montezuma,harald varangian,elizabeth i,Shadraw,La Blasc,Adrien,Fahrell,Kerrnel,ZheBed,[Coach]txoumin,Salto,20/02/25,2
Les Maisonneux,La Confiture d'Irrel,Les Maisonneux,tilted axis,pangaea standard,inland sea,seven seas,rich highlands,primordial,lakes,julius caesar,philip ii,catherine de medici (black queen),kupe,lautaro,gitarja,genghis khan,gilgamesh,tomyris,tokugawa,joao iii,kublai khan (mongolia),eleanor of aquitaine (england),trajan,harald hardrada,hojo tokimune,wu zetian,dido,victoria,lady six sky,nader shah,cyrus,theflowgate,Gwernaroth,corndacier,[Coach]txoumin,Aelinor,Shadraw,AureoleSolide,zeyox,23/02/25,2
Le Tort Tue,Les 4 Poneys de l'Apocalypse,Les 4 Poneys de l'Apocalypse,rich highlands,tilted axis,inland sea,primordial,pangaea standard,seven seas,lakes,catherine de medici (black queen),genghis khan,kublai khan (mongolia),philip ii,poundmaker,lautaro,tokugawa,tomyris,ambiorix,menelik ii,montezuma,jadwiga,tamar,wu zetian,kupe,shaka,simon bolivar,trajan,seondeok,eleanor of aquitaine (england),soundiata keita,matthias corvinus,Hamstroll,Batlle,Firnice,Smilol,EvanTheCube,Rnaw,JazzyJazz,Exvupur,24/02/25,2
Le Tort Tue,Middle Moove,Middle Moove,pangaea standard,inland sea,seven seas,primordial,rich highlands,tilted axis,lakes,ambiorix,alexander,trajan,genghis khan,shaka,julius caesar,wu zetian,lautaro,tomyris,kupe,jadwiga,kublai khan (mongolia),nader shah,basil ii,catherine de medici (black queen),simon bolivar,tokugawa,montezuma,gilgamesh,saladin (vizir),matthias corvinus,tamar,Mightee UwU,GFMA,LastSnow,Harentros,Hamstroll,picaljean,JazzyJazz,Mr.P,25/02/25,2
Blue Narvals,Les Esperluettes poliorc√®tes,UNKNOWN,lakes,seven seas,inland sea,primordial,tilted axis,rich highlands,pangaea standard,ambiorix,genghis khan,trajan,alexander,catherine de medici (black queen),lautaro,tokugawa,tomyris,gilgamesh,shaka,julius caesar,harald varangian,matthias corvinus,basil ii,kupe,kublai khan (mongolia),montezuma,philip ii,simon bolivar,tamar,saladin (vizier),cleopatra (egyptian),Orkyo,THORTANK,keabambi,PayDave,Fatman,PassionTruite,Elie,jibou,25/02/25,2
Cercle des Colons Disparus,Le Tort Tue,Cercle des Colons Disparus,rich highlands,inland sea,tilted axis,lakes,pangaea standard,primordial,seven seas,shaka,ambiorix,trajan,genghis khan,kublai khan (mongolia),lautaro,alexander,tokugawa,menelik ii,kupe,simon bolivar,poundmaker,gilgamesh,soundiata keita,philip ii,catherine de medici (black queen),basil ii,saladin (vizier),harald varangian,montezuma,tomyris,eleanor of aquitaine (france),tirem6983,LastSnow,PCS_picfix,Hamstroll,El Gogol,EvanTheCube,Pirtit,JazzyJazz,25/02/25,2
Les Esperluettes poliorc√®tes,BDC,BDC,seven seas,rich highlands,primordial,lakes,tilted axis,pangaea standard,inland sea,kublai khan (mongolia),genghis khan,tomyris,harald hardrada,lautaro,kupe,philip ii,julius caesar,tokugawa,trajan,hammurabi,alexander,joao iii,wu zetian,catherine de medici (black queen),gilgamesh,jadwiga,harald varangian,cleopatra (egyptian),simon bolivar,dido,cyrus,merguez,La Blasc,THORTANK,Overekt,PassionTruite,firespace83,jibou,Fahrell,27/02/25,2
Middle Moove,Why So Sexy ?,Why So Sexy ?,rich highlands,primordial,inland sea,lakes,tilted axis,pangaea standard,seven seas,lautaro,philip ii,catherine de medici (black queen),genghis khan,kublai khan (mongolia),kupe,shaka,ambiorix,alexander,menelik ii,hammurabi,tamar,simon bolivar,seondeok,tokugawa,poundmaker,montezuma,trajan,hojo tokimune,harald varangian,jadwiga,tomyris,picaljean,Roux,toto,Marco,Psychat,LegendMaksat,Seb,Tyler Durden,27/02/25,2
Les 4 Poneys de l'Apocalypse,Blue Narvals,Les 4 Poneys de l'Apocalypse,tilted axis,inland sea,pangaea standard,rich highlands,lakes,primordial,seven seas,hojo tokimune,philip ii,joao iii,kupe,gilgamesh,catherine de medici (black queen),lautaro,harald hardrada,tomyris,genghis khan,elizabeth i,wu zetian,eleanor of aquitaine (england),kublai khan (mongolia),julius caesar,gitarja,pedro ii,tokugawa,victoria age of steam,victoria,dido,trajan,blaireau,keabambi,Batlle,Fatman,Smilol,Orkyo,Spartiate,Elie,27/02/25,2
Why So Sexy ?,Les Maisonneux,Why So Sexy ?,tilted axis,inland sea,pangaea standard,primordial,rich highlands,lakes,seven seas,lautaro,julius caesar,catherine de medici (black queen),gitarja,tokugawa,philip ii,qin (mandate of heaven),tomyris,kupe,genghis khan,wu zetian,joao iii,kublai khan (mongolia),dido,harald hardrada,gilgamesh,elizabeth i,hojo tokimune,trajan,lady six sky,eleanor of aquitaine (france),jaravarman vii,LegendMaksat,corndacier,Marco,Aelinor,Shizu,A Soviet Goat,AdamTheEnginerd,AureoleSolide,28/02/25,2
Blue Narvals,Cercle des Colons Disparus,Cercle des Colons Disparus,pangaea standard,tilted axis,lakes,rich highlands,inland sea,primordial,seven seas,catherine de medici (black queen),genghis khan,gilgamesh,alexander,simon bolivar,lautaro,tomyris,julius caesar,montezuma,jadwiga,philip ii,trajan,nader shah,ambiorix,shaka,kupe,wu zetian,kublai khan (mongolia),cyrus,hammurabi,matthias corvinus,mvemba a nzinga,Pyke,PCS_picfix,Orkyo,DVD_Gueux1.0,Shawcker,arachnophobia,Elie,Camil√©one,02/03/25,2
BDC,Les 4 Poneys de l'Apocalypse,Les 4 Poneys de l'Apocalypse,pangaea standard,tilted axis,rich highlands,seven seas,inland sea,primordial,lakes,lautaro,julius caesar,trajan,genghis khan,simon bolivar,shaka,wu zetian,alexander,montezuma,ambiorix,kupe,matthias corvinus,cyrus,gilgamesh,catherine de medici (black queen),tomyris,jadwiga,kublai khan (mongolia),tokugawa,nader shah,hammurabi,philip ii,firespace83,blaireau,La Blasc,Smilol,Overekt,Rnaw,Hoobbbb,Exvupur,02/03/25,2
La Confiture d'Irrel,Les Esperluettes poliorc√®tes,La Confiture d'Irrel,rich highlands,inland sea,lakes,tilted axis,pangaea standard,seven seas,primordial,genghis khan,lautaro,catherine de medici (black queen),kupe,tomyris,basil ii,alexander,ambiorix,shaka,menelik ii,hammurabi,trajan,lady six sky,harald varangian,kublai khan (mongolia),philip ii,montezuma,tamar,eleanor of aquitaine (england),poundmaker,elizabeth i,gandhi,Kerrnel,PayDave,matharz,merguez,Gwernaroth,PassionTruite,zeyox,jibou,04/03/25,2
Les Maisonneux,Cercle des Colons Disparus,Cercle des Colons Disparus,pangaea standard,rich highlands,seven seas,inland sea,tilted axis,primordial,lakes,lautaro,catherine de medici (black queen),shaka,julius caesar,alexander,genghis khan,tomyris,wu zetian,kublai khan (mongolia),kupe,basil ii,matthias corvinus,jadwiga,nader shah,gilgamesh,simon bolivar,trajan,montezuma,menelik ii,hammurabi,cyrus,philip ii,corndacier,Camil√©one,theflowgate,arachnophobia,A Soviet Goat,El Gogol,Selvans,PCS_picfix,05/03/25,2
BDC,Le Tort Tue,BDC,rich highlands,seven seas,pangaea standard,primordial,inland sea,tilted axis,lakes,trajan,genghis khan,philip ii,lautaro,menelik ii,catherine de medici (black queen),simon bolivar,kublai khan (mongolia),kupe,ambiorix,matthias corvinus,montezuma,hammurabi,tomyris,shaka,cree,harald varangian,ramses,victoria age of steam,elizabeth i,jadwiga,seondeok,firespace83,AxeL,Overekt,Hamstroll,Salto,Mightee UwU,La Blasc,JazzyJazz,05/03/25,2
Middle Moove,La Confiture d'Irrel,Middle Moove,seven seas,primordial,inland sea,lakes,pangaea standard,rich highlands,tilted axis,lautaro,harald hardrada,kublai khan (mongolia),alexander,catherine de medici (black queen),tomyris,wu zetian,kupe,genghis khan,gitarja,montezuma,harald varangian,dido,elizabeth i,philip ii,julius caesar,trajan,basil ii,nader shah,hojo tokimune,saladin (sultan),hammurabi,toto,Kerrnel,Harentros,matharz,Psychat,Gwernaroth,picaljean,Albator,07/03/25,2
Why So Sexy ?,Cercle des Colons Disparus,Why So Sexy ?,rich highlands,inland sea,lakes,primordial,seven seas,pangaea standard,tilted axis,genghis khan,menelik ii,shaka,ambiorix,lautaro,philip ii,simon bolivar,harald varangian,catherine de medici (black queen),kublai khan (mongolia),pedro ii,poundmaker,seondeok,trajan,kupe,tomyris,basil ii,montezuma,pachacuti,hammurabi,hojo tokimune,eleanor of aquitaine (england),Roux,Pirtit,LegendMaksat,PCS_picfix,Tyler Durden,El Gogol,Marco,tirem6983,07/03/25,2
Les 4 Poneys de l'Apocalypse,Les Maisonneux,Les 4 Poneys de l'Apocalypse,rich highlands,inland sea,pangaea standard,primordial,lakes,seven seas,tilted axis,catherine de medici (black queen),kupe,shaka,lautaro,poundmaker,genghis khan,kublai khan (mongolia),menelik ii,basil ii,ambiorix,montezuma,wu zetian,simon bolivar,eleanor of aquitaine (england),philip ii,trajan,tomyris,jaravarman vii,nader shah,seondeok,soundiata keita,victoria age of steam,Exvupur,Selvans,Batlle,A Soviet Goat,IssamDude,theflowgate,Rnaw,Aelinor,09/03/25,2
Les Maisonneux,Les Esperluettes poliorc√®tes,Les Maisonneux,lakes,pangaea standard,rich highlands,primordial,tilted axis,inland sea,seven seas,catherine de medici (black queen),genghis khan,lautaro,philip ii,shaka,kupe,alexander,menelik ii,simon bolivar,tomyris,saladin (vizier),matthias corvinus,lady six sky,montezuma,gilgamesh,ambiorix,trajan,kublai khan (mongolia),jadwiga,julius caesar,wu zetian,hammurabi,corndacier,Slip,kro,Sohka,AureoleSolide,PassionTruite,A Soviet Goat,PayDave,11/03/25,2
Why So Sexy ?,BDC,Why So Sexy ?,rich highlands,lakes,seven seas,primordial,tilted axis,inland sea,pangaea standard,lautaro,menelik ii,trajan,harald varangian,kupe,genghis khan,jadwiga,philip ii,ambiorix,basil ii,simon bolivar,poundmaker,montezuma,victoria age of steam,catherine de medici (black queen),kublai khan (mongolia),hammurabi,shaka,alexander,elizabeth i,cyrus,gilgamesh,Tyler Durden,BoozyB,LegendMaksat,PITE,DVD_Gueux1.0,Salto,Shizu,La Blasc,12/03/25,2
Cercle des Colons Disparus,La Confiture d'Irrel,Cercle des Colons Disparus,seven seas,primordial,inland sea,rich highlands,pangaea standard,lakes,tilted axis,catherine de medici (black queen),menelik ii,genghis khan,harald hardrada,kublai khan (mongolia),alexander,lautaro,kupe,julius caesar,tomyris,simon bolivar,trajan,dido,gilgamesh,philip ii,hojo tokimune sub par,basil ii,wu zetian,harald varangian,nader shah,montezuma,elizabeth i,PCS_picfix,Gwernaroth,Pirtit,Kerrnel,El Gogol,Shadraw,tirem6983,zeyox,12/03/25,2
Cercle des Colons Disparus,Middle Moove,Cercle des Colons Disparus,pangaea standard,inland sea,primordial,seven seas,rich highlands,lakes,tilted axis,julius caesar,alexander,tomyris,genghis khan,wu zetian,catherine de medici (black queen),shaka,lautaro,kupe,kublai khan (mongolia),ambiorix,montezuma,matthias corvinus,menelik ii,simon bolivar,ba trieu,gilgamesh,trajan,basil ii,nader shah,philip ii,saladin (vizier),Pirtit,toto,arachnophobia,Harentros,PCS_picfix,Psychat,tirem6983,picaljean,12/03/25,2
Why So Sexy ?,Les 4 Poneys de l'Apocalypse,Les 4 Poneys de l'Apocalypse,tilted axis,,,,,,,inland sea,rich highlands,lakes,seven seas,pangaea standard,primordialleader bans,UNKNOWN,UNKNOWN,UNKNOWN,UNKNOWN,UNKNOWN,UNKNOWN,UNKNOWN,UNKNOWN,joao iii,wu zetian,alexander,kublai khan (mongolia),theodora,hojo tokimune,montezuma,tokugawa,Shizu,blaireau,DVD_Gueux1.0,Batlle,LegendMaksat,Rnaw,Marco,Smilol,13/03/25,2
Le Tort Tue,Blue Narvals,Blue Narvals,seven seas,lakes,rich highlands,pangaea standard,tilted axis,inland sea,primordial,harald varangian,genghis khan,lautaro,harald hardrada,alexander,philip ii,tomyris,gilgamesh,julius caesar,gitarja,simon bolivar,eleanor of aquitaine (england),shaka,tokugawa,kupe,catherine de medici (black queen),wu zetian,kublai khan (mongolia),elizabeth i,trajan,nader shah,victoria,JazzyJazz,Fatman,Mightee,Lumatyx,AxeL,Shawcker,LastSnow,Orkyo,13/03/25,2
Les Esperluettes poliorc√®tes,Why So Sexy ?,Why So Sexy ?,lakes,inland sea,tilted axis,rich highlands,primordial,seven seas,pangaea standard,gilgamesh,kupe,menelik ii,philip ii,tomyris,genghis khan,alexander,lautaro,theodora,catherine de medici (black queen),trajan,cleopatra (egyptian),montezuma,suleiman (kanuni),shaka,kublai khan (mongolia),wu zetian,basil ii,nader shah,hammurabi,cyrus,hojo tokimune,merguez,AdamTheEnginerd,Sohka,LegendMaksat,PayDave,Roux,Lissantas,Tyler Durden,13/03/25,2
Blue Narvals,BDC,BDC,lakes,rich highlands,primordial,seven seas,pangaea standard,tilted axis,inland sea,ambiorix,genghis khan,kupe,catherine de medici (black queen),philip ii,lautaro,pologne,menelik ii,gilgamesh,saladin (vizier),matthias corvinus,tokugawa,montezuma,harald varangian,shaka,trajan,simon bolivar,kublai khan (mongolia),alexander,eleanor of aquitaine (england),elizabeth,tomyris,keabambi,Fahrell,Pyke,Hoobbbb,Fatman,Salto,Elie,PITE,15/03/25,2
Middle Moove,Les 4 Poneys de l'Apocalypse,Les 4 Poneys de l'Apocalypse,seven seas,tilted axis,lakes,primordial,pangaea standard,rich highlands,inland sea,lautaro,saladin (vizier),catherine de medici (black queen),harald hardrada,tomyris,genghis khan,kupe,philip ii,alexander,basil ii,tamar,matthias corvinus,montezuma,harald varangian,julius caesar,trajan,elizabeth i,kublai khan (mongolia),poundmaker,simon bolivar,nader shah,wilhelmina,picaljean,Smilol,toto,Batlle,Harentros,Rnaw,Psychat,Exvupur,15/03/25,2
Le Tort Tue,Les Esperluettes poliorc√®tes,Le Tort Tue,rich highlands,tilted axis,seven seas,inland sea,pangaea standard,primordial,lakes,catherine de medici (black queen),genghis khan,kublai khan (mongolia),kupe,ambiorix,lautaro,tomyris,menelik ii,shaka,philip ii,seondeok,trajan,saladin (vizier),tokugawa,poundmaker,simon bolivar,jadwiga,tamar,harald varangian,montezuma,suleiman (kanuni),lady six sky,EvanTheCube,merguez,AxeL,Slip,JazzyJazz,PayDave,LastSnow,jibou,15/03/25,2
La Confiture d'Irrel,Blue Narvals,La Confiture d'Irrel,rich highlands,pangaea standard,tilted axis,inland sea,primordial,seven seas,lakes,philip ii,genghis khan,kublai khan (mongolia),lautaro,shaka,kupe,montezuma,menelik ii,tokugawa,ambiorix,basil ii,trajan,harald varangian,nader shah,catherine de medici (black queen),saladin (vizier),poundmaker,simon bolivar,alexander,eleanor of aquitaine (england),mansa musa,hammurabi,Kerrnel,Elie,matharz,Pyke,[Coach]txoumin,Shawcker,Shadraw,keabambi,15/03/25,2
BDC,Cercle des Colons Disparus,BDC,seven seas,rich highlands,lakes,pangaea standard,inland sea,primordial,tilted axis,harald varangian,harald hardrada,lautaro,genghis khan,philip ii,kupe,basil ii,julius caesar,catherine de medici (black queen),tomyris,hammurabi,simon bolivar,montezuma,alexander,kublai khan (mongolia),gilgamesh,elizabeth i,trajan,yongle,cleopatra (ptolemaic),matthias corvinus,dido,PITE,arachnophobia,Salto,El Gogol,ZheBed,Pirtit,Hoobbbb,PCS_picfix,18/03/25,2
Why So Sexy ?,Le Tort Tue,Why So Sexy ?,pangaea standard,tilted axis,rich highlands,inland sea,lakes,seven seas,primordial,cleopatra (ptolemaic),genghis khan,lautaro,julius caesar,catherine de medici (black queen),ambiorix,wu zetian,menelik ii,shaka,alexander,jadwiga,kublai khan (mongolia),simon bolivar,kupe,philip ii,basil ii,gilgamesh,tomyris,theodora,trajan,gandhi,poundmaker,Marco,Hamstroll,DVD_Gueux1.0,AxeL,LegendMaksat,Mightee UwU,Roux,LastSnow,19/03/25,2
BDC,Les Maisonneux,BDC,inland sea,seven seas,pangaea standard,tilted axis,rich highlands,primordial,lakes,simon bolivar,harald hardrada,cleopatra (ptolemaic),gitarja,lautaro,genghis khan,tomyris,catherine de medici (black queen),julius caesar,philip ii,lady six sky,eleanor of aquitaine (england),trajan,victoria age of steam,elizabeth i,kupe,victoria,gilgamesh,wu zetian,poundmaker,wilhelmina,shaka,PITE,Aelinor,Overekt,corndacier,firespace83,theflowgate,Hoobbbb,Selvans,19/03/25,2
Cercle des Colons Disparus,Les Esperluettes poliorc√®tes,Cercle des Colons Disparus,pangaea standard,lakes,rich highlands,tilted axis,seven seas,inland sea,primordial,genghis khan,alexander,gilgamesh,lautaro,shaka,tomyris,julius caesar,catherine de medici (black queen),kublai khan (mongolia),basil ii,matthias corvinus,trajan,ambiorix,tamar,cleopatra (ptolemaic),wu zetian,kupe,simon bolivar,nader shah,montezuma,philip ii,menelik ii,Ouiski,PassionTruite,PCS_picfix,merguez,Pirtit,jibou,tirem6983,Slip,19/03/25,2
La Confiture d'Irrel,Le Tort Tue,La Confiture d'Irrel,rich highlands,pangaea standard,tilted axis,inland sea,primordial,seven seas,lakes,shaka,genghis khan,montezuma,menelik ii,alexander,lautaro,philip ii,catherine de medici (black queen),tomyris,ambiorix,eleanor of aquitaine (england),wu zetian,elizabeth i,jadwiga,kublai khan (mongolia),poundmaker,simon bolivar,trajan,victoria age of steam,kupe,hojo tokimune,basil ii,Kerrnel,EvanTheCube,[Coach]txoumin,LastSnow,zeyox,JazzyJazz,Gwernaroth,AxeL,20/03/25,2
Blue Narvals,Middle Moove,Blue Narvals,tilted axis,pangaea standard,rich highlands,seven seas,lakes,primordial,inland sea,hojo tokimune,kupe,julius caesar,philip ii,joao iii,harald hardrada,kublai khan (mongolia),gitarja,catherine de medici (black queen),genghis khan,dido,elizabeth i,tokugawa,eleanor of aquitaine (england),lautaro,tomyris,cleopatra (ptolemaic),alexander,victoria age of steam,victoria,trajan,wilhelmina,Lumatyx,Psychat,keabambi,picaljean,Orkyo,toto,Fatman,Harentros,21/03/25,2
Les 4 Poneys de l'Apocalypse,La Confiture d'Irrel,Les 4 Poneys de l'Apocalypse,rich highlands,lakes,pangaea standard,inland sea,seven seas,primordial,tilted axis,catherine de medici (black queen),genghis khan,shaka,simon bolivar,tomyris,menelik ii,kublai khan (mongolia),alexander,lautaro,philip ii,basil ii,wu zetian,harald varangian,cleopatra (ptolemaic),kupe,montezuma,poundmaker,trajan,cyrus,nader shah,matthias corvinus,tamar,Rnaw,Albator,Smilol,Gwernaroth,IssamDude,Kerrnel,Exvupur,[Coach]txoumin,22/03/25,2
Les Esperluettes poliorc√®tes,Les 4 Poneys de l'Apocalypse,Les 4 Poneys de l'Apocalypse,lakes,rich highlands,primordial,tilted axis,pangaea standard,seven seas,inland sea,kublai khan (mongolia),genghis khan,gilgamesh,cleopatra (ptolemaic),philip ii,lautaro,julius caesar,menelik ii,alexander,catherine de medici (black queen),montezuma,ambiorix,simon bolivar,harald varangian,shaka,tomyris,kupe,trajan,lady six sky,ludwig ii,hammurabi,matthias corvinus,merguez,Spartiate,Sohka,Rnaw,jibou,Smilol,PayDave,Exvupur,23/03/25,2
Les Maisonneux,Blue Narvals,Les Maisonneux,tilted axis,inland sea,rich highlands,pangaea standard,lakes,primordial,seven seas,lautaro,genghis khan,catherine de medici (black queen),harald hardrada,tomyris,philip ii,julius caesar,cleopatra (ptolemaic),gitarja,gilgamesh,harald varangian,joao iii,eleanor of aquitaine (england),trajan,kupe,kublai khan (mongolia),wu zetian,elizabeth i,victoria,basil ii,jadwiga,tokugawa,kro,Lumatyx,A Soviet Goat,Orkyo,theflowgate,Elie,AureoleSolide,Fatman,24/03/25,2
Chop Yourself,Voitures retourn√©es,Chop Yourself,lakes,primordial,pangaea standard,seven seas,rich highlands,inland sea,tilted axis,shaka,kupe,gilgamesh,alexander,philip ii,genghis khan,kublai khan (mongolia),tomyris,ambiorix,menelik ii,simon bolivar,montezuma,basil ii,cleopatra (egyptian),lautaro,julius caesar,trajan,catherine de medici (black queen),matthias corvinus,cree,dido,tokugawa,LeKiks,TheRealFLS,Amende1,Chaka_l_endormi,Thibaut,H√©micycle,Neolaf,Mugetsu,19/01/25,3a
Sac √† Dos,FUN,Sac √† Dos,lakes,pangaea classic,tilted axis,pangaea standard,primordial,seven seas,rich highlands,alexander,gilgamesh,menelik ii,lady six sky,genghis khan,lautaro,julius caesar,kupe,catherine de medici (black queen),shaka,montezuma,simon bolivar,wu zetian,matthias corvinus,philip ii,tomyris,kublai khan (mongolia),trajan,hammurabi,nader shah,wilhelmina,eleanor of aquitaine (france),Batoudoo,coloo,D4RKLapinou,Raph | swokky,R√∂√∂x,Aethelvard,th3laps,Poopcorn (ZeH),21/01/25,3a
All Civs Are Beautiful,FUN,FUN,seven seas,inland sea,rich highlands,primordial,lakes,pangaea standard,tilted axis,genghis khan,harald hardrada,lautaro,kupe,tomyris,philip ii,catherine de medici (black queen),kublai khan (mongolia),harald varangian,alexander,hojo tokimune,simon bolivar,gilgamesh,julius caesar,shaka,dido,trajan,tokugawa,eleanor of aquitaine (england),montezuma,joao iii,menelik ii,Braizh,Ricky,Aethelvard,Mawa,bioman,Wuzzbek,Mef aline pour qu'elle revienne,Tareklegris,22/01/25,3a
SAUCE,Chop Yourself,Chop Yourself,tilted axis,lakes,primordial,pangaea standard,seven seas,rich highlands,inland sea,genghis khan,joao iii,philip ii,harald hardrada,gitarja,kupe,julius caesar,lautaro,tomyris,catherine de medici (black queen),hojo tokimune,kublai khan (mongolia),cleopatra (egyptian),wu zetian,alexander,trajan,simon bolivar,dido,elizabeth i,nader shah,tokugawa,cyrus,BigBang,Lazarus,Paul,Neolaf,Mazout,Amende1,Pwimo,LeKiks,23/01/25,3a
Strat√®ges en Pantoufles,Voitures retourn√©es,Strat√®ges en Pantoufles,lakes,tilted axis,primordial,pangaea standard,seven seas,rich highlands,inland sea,genghis khan,philip ii,kupe,julius caesar,lautaro,tomyris,catherine de medici (black queen),theodora,tokugawa,moctezouma,nader shah,alexandre,gilgamesh,chaka,harald hardrade (varegue),victoria (vapeur),kubilai kan (mongolie),wu zetian,trajan,menelik ii,hedwige lere,cleopatre (egyptienne),Mali,Mugetsu,Druzzen,prismemarin,Pewpew,Chaka_l_endormi,Terty,Nojarost,25/01/25,3a
All Civs Are Beautiful,Sac √† Dos,Sac √† Dos,tilted axis,rich highlands,lakes,seven seas,pangaea standard,inland sea,primordial,gitarja,harald hardrada,kublai khan (mongolia),kupe,joao iii,philip ii,genghis khan,tokugawa,alexander,hojo tokimune,catherine de medici (black queen),gilgamesh,victoria,dido,tomyris,elizabeth i,harald varangian,julius caesar,eleanor of aquitaine (england),wilhelmina,lautaro,suleiman (kanuni),Ricky,Meleagor,Mini Zac,Biscuit,Mawa,Primpe,Tareklegris,D4RKLapinou,27/01/25,3a
Strat√®ges en Pantoufles,SAUCE,SAUCE,seven seas,tilted axis,rich highlands,primordial,inland sea,pangaea standard,lakes,alexander,kupe,catherine de medici (black queen),philip ii,tokugawa,hojo tokimune,genghis khan,harald hardrada,lautaro,pedro ii,cleopatra (egyptian),tamar,harald varangian,trajan,tomyris,gilgamesh,kublai khan (mongolia),julius caesar,wilhelmina,matthias corvinus,jadwiga,jaravarman vii,Lapetitefum√©e,Mazout,Druzzen,BigBang,Mali,Skarn,Terty,Paul,27/01/25,3a
UNKNOWN,UNKNOWN,UNKNOWN,tilted axis,primordial,pangaea standard,inland sea,seven seas,rich highlands,lakes,harald hardrada,gitarja,tomyris,genghis khan,julius caesar,philip ii,alexander,kupe,hojo tokimune,lautaro,gilgamesh,wilhelmina,shaka,tokugawa,dido,victoria,joao iii,catherine de medici (black queen),cleopatra (egyptian),trajan,nader shah,elizabeth i,Raph | swokky,mintaka,Under l'Anglais OuiOui,Nojarost,tithub,TiboK75,bioman,TheRealFLS,29/01/25,3a
Strat√®ges en Pantoufles,Sac √† Dos,Strat√®ges en Pantoufles,lakes,inland sea,seven seas,rich highlands,tilted axis,primordial,pangaea standard,catherine de medici (black queen),menelik ii,gilgamesh,genghis khan,trajan,alexander,simon bolivar,kupe,wu zetian,lautaro,ambiorix,tamar,montezuma,kublai khan (mongolia),tomyris,julius caesar,matthias corvinus (sub a,philip ii,pedro ii,wilhelmina,jadwiga,mvemba a nzinga,Druzzen,Hermione,Thibaut,Batoudoo,Mali,th3laps,Terty,Primpe,02/02/25,3a
SAUCE,FUN,SAUCE,primordial,pangaea standard,rich highlands,lakes,inland sea,seven seas,tilted axis,gilgamesh,genghis khan,hojo tokimune,kupe,catherine de medici (black queen),tomyris,gitarja,harald hardrada,elizabeth i,dido,basil ii,lautaro,kublai khan (mongolia),john curtin,wilhelmina,trajan,joao iii,philip ii,tamar,victoria,victoria age of steam,alexander,Yomaya,Aethelvard,Falconera,Raph | swokky,Paul,coloo,Skarn,bioman,05/02/25,3a
SAUCE,All Civs Are Beautiful,SAUCE,lakes,pangaea standard,rich highlands,primordial,inland sea,seven seas,tilted axis,kupe,genghis khan,ethiopie,basile,wu zetian,tomyris,cesar,zulu,cleopatre,moctezuma,alexandre,spain,kublai khan (mongolia),lautaro,gilgamesh,trajan,theodora,hamurabi,colombie,catherine de medici (black queen),nader,tokugawa,Yomaya,Ricky,Speedy,Hysfard,Pwimo,Mawa,BigBang,Bangkratz,06/02/25,3a
Chop Yourself,Strat√®ges en Pantoufles,Strat√®ges en Pantoufles,seven seas,primordial,inland sea,rich highlands,tilted axis,lakes,pangaea standard,harald hardrada,matthias corvinus,tomyris,alexander,julius caesar,kupe,lautaro,hojo tokimune,genghis khan,philip ii,kublai khan (mongolia),montezuma,gilgamesh,cleopatra (egyptian),catherine de medici (black queen),trajan,gitarja,shaka,cyrus,victoria,hammurabi,wilhelmina,Lazarus,Pewpew,Neolaf,Druzzen,LeKiks,adulmill,Arepta,Mali,07/02/25,3a
Chop Yourself,FUN,Chop Yourself,lakes,primordial,pangaea standard,inland sea,seven seas,tilted axis,rich highlands,shaka,catherine de medici (black queen),tomyris,julius caesar,montezuma,lautaro,matthias corvinus,kublai khan (mongolia),ba trieu,kupe,cleopatra (egyptian),trajan,gilgamesh,simon bolivar,genghis khan,alexander,lady six sky,philip ii,elizabeth i,tokugawa,poundmaker,hammurabi,coloo,LeKiks,Raph | swokky,Arepta,Under l'Anglais OuiOui,Thibaut,Aethelvard,Amende1,10/02/25,3a
SAUCE,Sac √† Dos,SAUCE,inland sea,lakes,pangaea standard,rich highlands,primordial,seven seas,tilted axis,julius caesar,joao iii,tomyris,alexander,genghis khan,philip ii,gitarja,kupe,lautaro,simon bolivar,wu zetian,poundmaker,kublai khan (mongolia),trajan,harald hardrada,qin (unifier),catherine de medici (black queen),shaka,john curtin,lady six sky,hammurabi,pachacuti,Yomaya,Biscuit,Pwimo,Hermione,Falconera,D4RKLapinou,Mazout,Macra,10/02/25,3a
Voitures retourn√©es,All Civs Are Beautiful,Voitures retourn√©es,lakes,pangaea standard,inland sea,primordial,rich highlands,tilted axis,seven seas,tomyris,julius caesar,lautaro,kupe,catherine de medici (black queen),alexander,simon bolivar,genghis khan,philip ii,kublai khan (mongolia),gilgamesh,ambiorix,menelik ii,hammurabi,shaka,tokugawa,trajan,montezuma,wilhelmina,harald varangian,wilfrid laurier,matthias corvinus,TheRealFLS,Mawa,TiboK75,Hysfard,Mugetsu,Jcube,Aljoca,Tareklegris,13/02/25,3a
Chop Yourself,All Civs Are Beautiful,Chop Yourself,tilted axis,primordial,inland sea,seven seas,pangaea standard,rich highlands,lakes,hojo tokimune,genghis khan,gitarja,kupe,tomyris,harald hardrada,lautaro,dido,catherine de medici (black queen),philip ii,kublai khan (mongolia),trajan,joao iii,gilgamesh,julius,elizabeth i,victoria,alexander,cyrus,john curtin,nader shah,kristina,LeKiks,Bangkratz,Thibaut,Ricky,Amende1,Tareklegris,Lazarus,kikob,13/02/25,3a
Strat√®ges en Pantoufles,FUN,FUN,rich highlands,inland sea,primordial,tilted axis,seven seas,pangaea standard,lakes,alexander,lautaro,tomyris,ambiorix,kublai khan (mongolia),menelik ii,genghis khan,kupe,gilgamesh,tokugawa,basil ii,trajan,shaka,theodora,philip ii,poundmaker,cleopatra (egyptian),eleanor of aquitaine (england),saladin (vizier),montezuma,catherine de medici (black queen),teddy roosevelt (bull moose),adulmill,Braizh,Terty,tithub,Mali,bioman,Lapetitefum√©e,Mef aline pour qu'elle revienne,14/02/25,3a
Sac √† Dos,Voitures retourn√©es,Sac √† Dos,seven seas,pangaea standard,tilted axis,lakes,primordial,inland sea,rich highlands,alexander,julius caesar,tomyris,philip ii,lautaro,kupe,genghis khan,tokugawa,catherine de medici (black queen),hojo tokimune,simon bolivar,matthias corvinus,montezuma,dido,harald hardrada,shaka,tamar,gilgamesh,trajan,kublai khan (mongolia),victoria,hammurabi,Batoudoo,TheRealFLS,Biscuit,Mugetsu,R√∂√∂x,Chaka_l_endormi,Macra,prismemarin,14/02/25,3a
UNKNOWN,UNKNOWN,FUN,lakes,rich highlands,primordial,inland sea,tilted axis,pangaea standard,seven seas,tokugawa,kupe,kublai khan (mongolia),lautaro,catherine de medici (black queen),alexander,gilgamesh,julius caesar,genghis khan,philip ii,montezuma,shaka,hammurabi,simon bolivar,tomyris,trajan,menelik ii,abraham lincoln,harald varangian,wu zetian,nader shah,victoria (sub externe),Ricky,Aethelvard,Tareklegris,Raph | swokky,Jcube,Poopcorn (ZeH),Hysfard,LGS,18/02/25,3a
All Civs Are Beautiful,Strat√®ges en Pantoufles,Strat√®ges en Pantoufles,seven seas,pangaea standard,primordial,rich highlands,tilted axis,lakes,inland sea,kublai khan (mongolia),kupe,julius caesar,philip ii,harald hardrada,genghis khan,dido,alexander,gilgamesh,shaka,eleanor of aquitaine (england),joao iii,trajan,catherine de medici (black queen),lautaro,tokugawa,harald varangian,tomyris,john curtin,hojo tokimune,nader shah,tamar,Ricky,Mali,Jcube,Lapetitefum√©e,Wuzzbek,adulmill,Mawa,Terty,18/02/25,3a
Sac √† Dos,Chop Yourself,Chop Yourself,tilted axis,lakes,primordial,pangaea standard,inland sea,seven seas,rich highlands,tomyris,harald hardrada,julius caesar,kupe,genghis khan,gitarja,elizabeth i,hojo tokimune,philip ii,gilgamesh,lautaro,dido,kublai khan (mongolia),victoria,joao iii,alexander,wilhelmina,catherine de medici (black queen),tokugawa,cyrus,frederick barbarossa,nader shah,D4RKLapinou,LeKiks,Primpe,Neolaf,R√∂√∂x,Amende1,Macra,Arepta,19/02/25,3a
Voitures retourn√©es,SAUCE,SAUCE,pangaea standard,primordial,lakes,inland sea,rich highlands,seven seas,tilted axis,tomyris,lautaro,wu zetian,alexander,philip ii,shaka,julius caesar,montezuma,catherine de medici (black queen),genghis khan,gilgamesh,matthias corvinus,simon bolivar,ambiorix,trajan,kublai khan (mongolia),menelik ii,kupe,nader shah,hammurabi,hojo tokimune,jadwiga,H√©micycle,BigBang,Chaka_l_endormi,Skarn,Nojarost,Mazout,mintaka,Paul,20/02/25,3a
Sac √† Dos,Strat√®ges en Pantoufles,UNKNOWN,lakes,primordial,inland sea,tilted axis,rich highlands,seven seas,pangaea standard,matthias corvinus,genghis khan,lautaro,alexander,menelik ii,tomyris,shaka,kupe,catherine de medici (black queen),philip ii,poundmaker,tokugawa,montezuma,gilgamesh,julius caesar,kublai khan (mongolia),ambiorix,trajan,suleiman (kanuni),jadwiga,victoria,hojo tokimune,Biscuit,Lapetitefum√©e,th3laps,Pewpew,Batoudoo,Mali,Macra,adulmill,22/02/25,3a
Chop Yourself,SAUCE,Chop Yourself,rich highlands,primordial,pangaea standard,seven seas,tilted axis,inland sea,lakes,tokugawa,lautaro,catherine de medici (black queen),kupe,genghis khan,alexander,kublai khan (mongolia),shaka,menelik ii,tomyris,saladin (vizier),simon bolivar,ambiorix,montezuma,philip ii,hammurabi,poundmaker,trajan,jadwiga,suleiman (muhtesem),julius caesar,jaravarman vii,Neolaf,Mazout,Amende1,BigBang,Thibaut,Falconera,LeKiks,Hagendorf,24/02/25,3a
Strat√®ges en Pantoufles,Voitures retourn√©es,Strat√®ges en Pantoufles,tilted axis,seven seas,primordial,lakes,inland sea,pangaea standard,rich highlands,catherine de medici (black queen),harald hardrada,genghis khan,gitarja,alexander,kupe,lautaro,tomyris,gilgamesh,philip ii,jadwiga,eleanor of aquitaine (england),kublai khan (mongolia),tokugawa,joao iii,dido,trajan,julius caesar,wilhelmina,john curtin,wu zetian,bresil,adulmill,mintaka,Pewpew,H√©micycle,Mali,Nojarost,Terty,TiboK75,28/02/25,3a
Voitures retourn√©es,Chop Yourself,Chop Yourself,rich highlands,pangaea standard,inland sea,lakes,seven seas,primordial,tilted axis,catherine de medici (black queen),menelik ii,kublai khan (mongolia),poundmaker,kupe,lautaro,tomyris,genghis khan,alexander,philip ii,simon bolivar,ambiorix,elizabeth i,jadwiga,saladin (vizier),shaka,montezuma,tokugawa,trajan,hammurabi,wilhelmina,basil ii,Chaka_l_endormi,LeKiks,Mugetsu,Arepta,H√©micycle,Thibaut,Aljoca,Lazarus,03/03/25,3a
Strat√®ges en Pantoufles,Chop Yourself,Chop Yourself,tilted axis,pangaea standard,rich highlands,lakes,seven seas,primordial,inland sea,lautaro,harald hardrada,genghis khan,julius caesar,alexander,philip ii,catherine de medici (black queen),tomyris,gitarja,kublai khan (mongolia),kupe,nader shah,montezuma,victoria,chandragupta,cyrus,wu zetian,trajan,wilhelmina,basil ii,hojo tokimune,ramses ii,Druzzen,LeKiks,Terty,Amende1,Mali,Lazarus,adulmill,Neolaf,04/03/25,3a
Sac √† Dos,All Civs Are Beautiful,Sac √† Dos,primordial,pangaea standard,rich highlands,lakes,inland sea,tilted axis,seven seas,alexander,genghis khan,gilgamesh,tomyris,joao iii,harald hardrada,dido,julius caesar,philip ii,lautaro,catherine de medici (black queen),gitarja,simon bolivar,elizabeth i,kupe,hojo tokimune,victoria,kublai khan (mongolia),catherine de medici (manificence),trajan,matthias corvinus,nader shah,Macra,Mawa,Batoudoo,Tareklegris,D4RKLapinou,Hysfard,Hermione,Ricky,06/03/25,3a
UNKNOWN,UNKNOWN,UNKNOWN,rich highlands,primordial,pangaea standard,seven seas,tilted axis,inland sea,lakes,philip ii,menelik ii,ambiorix,alexander,lautaro,genghis khan,tokugawa,julius caesar,saladin (vizier),catherine de medici (black queen),shaka,peter,tomyris,robert the bruce,kupe,tamar,jadwiga,mansa musa,wu zetian,victoria age of steam,montezuma,catherine de medici (manificence),Mef aline pour qu'elle revienne,Biscuit,bioman,Hermione,Poopcorn (ZeH),Macra,Braizh,Primpe,07/03/25,3a
Voitures retourn√©es,Sac √† Dos,Sac √† Dos,pangaea standard,rich highlands,lakes,primordial,inland sea,seven seas,tilted axis,tomyris,alexander,philip ii,lautaro,kupe,genghis khan,kublai khan (mongolia),catherine de medici (black queen),shaka,julius caesar,trajan,hammurabi,montezuma,tamar,wu zetian,matthias corvinus,gilgamesh,ambiorix,victoria,suleiman (kanuni),nader shah,kristina,TheRealFLS,Biscuit,Aljoca,Macdodo,mintaka,Batoudoo,H√©micycle,Primpe,09/03/25,3a
SAUCE,Strat√®ges en Pantoufles,Strat√®ges en Pantoufles,seven seas,pangaea standard,primordial,lakes,inland sea,tilted axis,rich highlands,genghis khan,philip ii,lautaro,alexander,tomyris,julius caesar,timeout,harald varangian,kupe,hammurabi,montezuma,trajan,simon bolivar,gilgamesh,harald hardrada,kublai khan (mongolia),tokugawa,shaka,cleopatra (egyptian),hojo tokimune,poundmaker,matthias corvinus,Yomaya,Mali,Falconera,Druzzen,Mazout,adulmill,BigBang,Lapetitefum√©e,10/03/25,3a
Voitures retourn√©es,FUN,FUN,lakes,pangaea standard,primordial,seven seas,tilted axis,inland sea,rich highlands,tomyris,julius caesar,lautaro,hojo tokimune,catherine de medici (black queen),trajan,genghis khan,gilgamesh,kupe,alexander,philip ii,menelik ii,wu zetian,jadwiga,shaka,kublai khan (mongolia),cyrus,nader shah,hammurabi,montezuma,wilhelmina,\ ba trieu,TheRealFLS,coloo,H√©micycle,Poopcorn (ZeH),TiboK75,Under l'Anglais OuiOui,Aljoca,Raph | swokky,10/03/25,3a
FUN,SAUCE,UNKNOWN,lakes,rich highlands,unknown,pangaea standard,inland sea,primordial,tilted axis,menelik ii,alexander,shaka,genghis khan,basil ii,wu zetian,philip ii,catherine de medici (black queen),julius caesar,lautaro,cleopatra (egyptian),simon bolivar,lady six sky,montezuma,kupe,ambiorix,trajan,gilgamesh,kublai khan (mongolia),tomyris,ba trieu,jadwiga,bioman,Speedy,Under l'Anglais OuiOui,Yomaya,coloo,Skarn,Raph | swokky,Paul,11/03/25,3a
Chop Yourself,FUN,Chop Yourself,tilted axis,primordial,pangaea standard,seven seas,lakes,inland sea,rich highlands,julius caesar,lautaro,philip ii,gitarja,kupe,genghis khan,harald hardrada,basil ii,tomyris,catherine de medici (black queen),joao iii,nader shah,eleanor of aquitaine (france),trajan,alexander,hojo tokimune,cyrus,dido,ramses ii,eleanor of aquitaine (england),elizabeth i,jadwiga,LeKiks,bioman,Lazarus,Raph | swokky,Neolaf,Mef aline pour qu'elle revienne,Arepta,Aethelvard,12/03/25,3a
SAUCE,All Civs Are Beautiful,SAUCE,primordial,pangaea standard,inland sea,rich highlands,lakes,seven seas,tilted axis,wu zetian,harald hardrada,tomyris,genghis khan,lautaro,julius caesar,dido,kupe,joao iii,alexander,kublai khan (mongolia),wilhelmina,gilgamesh,hojo tokimune,gitarja,catherine de medici (black queen),philip ii,elizabeth i,victoria,trajan,lady six sky,matthias corvinus,Yomaya,Ricky,Falconera,Jcube,Pwimo,Hysfard,Skarn,Tareklegris,12/03/25,3a
All Civs Are Beautiful,Voitures retourn√©es,Voitures retourn√©es,lakes,inland sea,tilted axis,pangaea standard,primordial,rich highlands,seven seas,shaka,lautaro,gilgamesh,genghis khan,philip ii,alexander,kublai khan (mongolia),menelik ii,tomyris,kupe,wu zetian,ambiorix,montezuma,simon bolivar,julius caesar,catherine de medici (black queen),trajan,matthias corvinus,wilfrid laurier,harald varangian,hammurabi,cyrus,Tareklegris,Chaka_l_endormi,Hysfard,prismemarin,Ricky,Mugetsu,Mawa,TheRealFLS,14/03/25,3a
SAUCE,Voitures retourn√©es,SAUCE,rich highlands,pangaea standard,primordial,inland sea,seven seas,tilted axis,lakes,philip ii,tomyris,alexander,menelik ii,lautaro,ambiorix,julius caesar,catherine de medici (black queen),kupe,genghis khan,saladin (vizier),simon bolivar,jadwiga,montezuma,poundmaker,kublai khan (mongolia),hammurabi,trajan,jaravarman vii,harald varangian,wilhelmina,wilfrid laurier,Hagendorf,H√©micycle,Mazout,Nojarost,Paul,Mugetsu,Yomaya,Aljoca,16/03/25,3a
All Civs Are Beautiful,Chop Yourself,Chop Yourself,rich highlands,tilted axis,pangaea standard,inland sea,seven seas,primordial,lakes,trajan,philip ii,catherine de medici (black queen),genghis khan,shaka,alexander,lautaro,menelik ii,ambiorix,kupe,hammurabi,tomyris,eleanor of aquitaine (england),simon bolivar,cleopatra (ptolemaic),saladin (vizier),kublai khan (mongolia),poundmaker,suleiman (kanuni),elizabeth i,ba trieu,wilfrid laurier,Ricky,Poppers,Tareklegris,Lazarus,Wuzzbek,Arepta,Jcube,Amende1,18/03/25,3a
FUN,Strat√®ges en Pantoufles,Strat√®ges en Pantoufles,lakes,rich highlands,tilted axis,pangaea standard,inland sea,primordial,seven seas,shaka,julius caesar,kublai khan (mongolia),genghis khan,wu zetian,lautaro,tomyris,alexander,menelik ii,philip ii,montezuma,gilgamesh,nader shah,ba trieu,cleopatra (ptolemaic),catherine de medici (black queen),trajan,kupe,simon bolivar,saladin (vizier),ambiorix,tamar,Raph | swokky,Lapetitefum√©e,bioman,adulmill,Aethelvard,Mali,Under l'Anglais OuiOui,Terty,19/03/25,3a
Strat√®ges en Pantoufles,All Civs Are Beautiful,Strat√®ges en Pantoufles,rich highlands,primordial,tilted axis,inland sea,seven seas,pangaea standard,lakes,catherine de medici (black queen),genghis khan,ambiorix,shaka,cleopatra (ptolemaic),alexander,julius caesar,lautaro,philip ii,menelik ii,kublai khan (mongolia),montezuma,matthias corvinus,nader shah,kupe,poundmaker,saladin (vizier),trajan,tomyris,harald varangian,tamar,lady six sky,Lapetitefum√©e,Bangkratz,Mali,Hysfard,Druzzen,Jcube,Terty,Ricky,23/03/25,3a
Chop Yourself,Sac √† Dos,Chop Yourself,tilted axis,rich highlands,lakes,inland sea,pangaea standard,primordial,seven seas,lautaro,harald hardrada,catherine de medici (black queen),philip ii,julius caesar,kupe,genghis khan,cleopatra (ptolemaic),gitarja,tomyris,trajan,dido,alexander,eleanor of aquitaine (england),joao iii,wilhelmina,elizabeth i,kublai khan (mongolia),cyrus,victoria,nader shah,suleiman (kanuni),Poppers,Batoudoo,Thibaut,Biscuit,LeKiks,Hermione,Arepta,D4RKLapinou,23/03/25,3a
Sans Pr√©tention Quedal Rien,MassueManAnarchy,MassueManAnarchy,lakes,tilted axis,primordial,pangaea standard,seven seas,inland sea,rich highlands,tomyris,catherine de medici (black queen),philip ii,alexander,basil ii,genghis khan,ambiorix,lautaro,gilgamesh,kublai khan (mongolia),montezuma,cleopatra (egyptian),menelik ii,hojo tokimune,kupe,shaka,trajan,simon bolivar,tamar,nader shah,gorgo,ludwig ii,Flak Doe,Volca,OxYsS12,Superbia,dragonnat,Kujoo Karenn,Mikmak,Moumoulax,18/01/25,3b
Productivity Queens,MassueManAnarchy,Productivity Queens,rich highlands,tilted axis,primordial,pangaea standard,seven seas,inland sea,lacs,tomyris,catherine de medici (black queen),philip ii,alexander,menelik,genghis khan,ambiorix,lautaro,gilgamesh,hongrie,montezuma,zoulou,kupe,babylone,arabie,pologne,kubilai-mongolie,simon bolivar,cris,tokugawa,catherine magnifique,trajan,Connavar,Kaminocuni,HookGod,Superbia,Calice,Danael,UNKNOWN,ansemriku,19/01/25,3b
White Narvals,Baby Boomers,Baby Boomers,rich highlands,pangaea standard,tilted axis,primordial,inland sea,lakes,seven seas,alexander,genghis khan,philip ii,lautaro,shaka,menelik ii,basil ii,kupe,tomyris,ambiorix,tokugawa,wu zetian,seondeok,montezuma,catherine de medici (black queen),poundmaker,trajan,simon bolivar,victoria age of steam,harald varangian,theodora,robert the bruce,Narva_,NeOz,SkiiZz,Poppers,morti,Paxiuz,Akame,Mat√©o,19/01/25,3b
Productivity Queens,Sans Pr√©tention Quedal Rien,Productivity Queens,primordial,pangaea standard,rich highlands,lakes,seven seas,inland sea,tilted axis,philip ii,harald hardrada,genghis khan,kupe,joao iii,gitarja,catherine de medici (black queen),lautaro,alexander,hojo tokimune,pedro ii,victoria,montezuma,elizabeth i,tomyris,julius caesar,tokugawa,dido,eleanor of aquitaine (england),wilhelmina,trajan,simon bolivar,Cemetaires,Fils !,Connavar,Tritonnick,UNKNOWN,Howel,HookGod,OxYsS12,20/01/25,3b
Retrait√©s Tout Terrain,Productivity Queens,Productivity Queens,tilted axis,primordial,pangaea standard,inland sea,seven seas,lakes,rich highlands,alexander,harald hardrada,tomyris,philip ii,julius caesar,kupe,lautaro,gitarja,genghis khan,catherine de medici (black queen),hojo tokimune,montezuma,kublai khan (mongolia),wu zetian,dido,joao iii,trajan,elizabeth i,jaravarman vii,wilhelmina,mvemba a nzinga,seondeok,Bamaki,UNKNOWN,Acajou,Connavar,Haashkaa,Pebbleton,Phareen,HookGod,23/01/25,3b
MassueManAnarchy,White Narvals,MassueManAnarchy,tilted axis,primordial,lakes,pangaea standard,seven seas,inland sea,rich highlands,gilgamesh,lautaro,genghis khan,harald hardrada,alexander,kupe,gitarja,tomyris,philip ii,julius caesar,montezuma,joao iii,wu zetian,dido,catherine de medici (black queen),hojo tokimune,kublai khan (mongolia),trajan,pedro ii,simon bolivar,elizabeth i,wilhelmina,Volca,Akame,Superbia,SkiiZz,Moumoulax,Narva_,Danael,morti,26/01/25,3b
Baby Boomers,Retrait√©s Tout Terrain,Baby Boomers,seven seas,primordial,rich highlands,tilted axis,lakes,inland sea,pangaea standard,philip ii,kupe,gitarja,harald hardrada,lautaro,genghis khan,tomyris,alexander,julius caesar,catherine de medici (black queen),wu zetian,dido,gilgamesh,hojo tokimune,kublai khan (mongolia),montezuma,elizabeth i,trajan,menelik ii,victoria,hammurabi,eleanor of aquitaine (england),Convertible,Bamaki,Poppers,Acajou,Arka,makend,NeOz,Lo0P,26/01/25,3b
Sans Pr√©tention Quedal Rien,Baby Boomers,Baby Boomers,pangaea standard,inland sea,primordial,rich highlands,tilted axis,lakes,seven seas,julius caesar,catherine de medici (black queen),shaka,genghis khan,tomyris,kupe,philip ii,lautaro,wu zetian,alexander,gilgamesh,montezuma,jadwiga,simon bolivar,ambiorix,menelik ii,matthias corvinus,trajan,nader shah,kublai khan (mongolia),hojo tokimune,amanitore,Fils !,Arka,dragonnat,Caillak,OxYsS12,Convertible,Mikmak,NeOz,04/02/25,3b
White Narvals,Retrait√©s Tout Terrain,Retrait√©s Tout Terrain,pangaea standard,rich highlands,primordial,seven seas,tilted axis,inland sea,lakes,alexander,julius caesar,gilgamesh,genghis khan,shaka,catherine de medici (black queen),simon bolivar,menelik ii,kupe,lautaro,basil ii,kublai khan (mongolia),matthias corvinus,montezuma,tomyris,trajan,philip ii,wu zetian,ambiorix,nader shah,cleopatra (egyptian),hojo tokimune,Narva_,Lo0P,SkiiZz,Acajou,morti,Bamaki,Lockthia,Lazarus,05/02/25,3b
MassueManAnarchy,Retrait√©s Tout Terrain,MassueManAnarchy,rich highlands,pangaea standard,seven seas,primordial,inland sea,tilted axis,lakes,philip ii,menelik ii,lautaro,kupe,hammurabi,genghis khan,shaka,catherine de medici (black queen),ambiorix,alexander,kublai khan (mongolia),tamar,matthias corvinus,jaravarman vii,tokugawa,wu zetian,montezuma,trajan,victoria age of steam,dido,saladin (vizier),teddy roosevelt (bull moose),Danael,Acajou,Volca,Bamaki,Belizarius,Sethani,Moumoulax,Haashkaa,06/02/25,3b
Productivity Queens,White Narvals,Productivity Queens,rich highlands,pangee standard,seven seas,primordial,tilted axis,inland sea,lakes,poundmaker,genghis khan,lautaro,menelik ii,shaka,kupe,alexander,simon bolivar,ambiorix,catherine de medici (black queen),kublai khan (mongolia),tomyris,basil ii,julius caesar,philip ii,trajan,harald varangian,montezuma,catherine de medici (manificence),victoria age of steam,hammurabi,UNKNOWN,Connavar,SkiiZz,Pebbleton,morti,UNKNOWN,Arma,rdjsp,UNKNOWN,08/02/25,3b
Retrait√©s Tout Terrain,Sans Pr√©tention Quedal Rien,Retrait√©s Tout Terrain,seven seas,inland sea,pangaea standard,primordial,rich highlands,tilted axis,lakes,alexander,genghis khan,menelik ii,harald hardrada,julius caesar,kupe,lautaro,tomyris,catherine de medici (black queen),philip ii,kublai khan (mongolia),matthias corvinus,trajan,montezuma,wu zetian,hojo tokimune,dido,simon bolivar,gitarja,nader shah,cleopatra (egyptian),jadwiga,Acajou,Tritonnick,Lo0P,Fils !,Bamaki,dragonnat,makend,OxYsS12,12/02/25,3b
Baby Boomers,MassueManAnarchy,MassueManAnarchy,lakes,primordial,seven seas,rich highlands,tilted axis,inland sea,pangaea standard,catherine de medici (black queen),menelik ii,alexander,tomyris,philip ii,shaka,lautaro,kublai khan (mongolia),kupe,genghis khan,montezuma,trajan,wu zetian,gilgamesh,ambiorix (sub jeudi par,julius caesar,tokugawa,simon bolivar,mvemba a nzinga,hammurabi,matthias corvinus,elizabeth i,Caillak,Volca,Arka,Superbia,Paxiuz,Moumoulax,Convertible,Belizarius,13/02/25,3b
White Narvals,Sans Pr√©tention Quedal Rien,Sans Pr√©tention Quedal Rien,lakes,pangaea standard,rich highlands,primordial,seven seas,inland sea,tilted axis,julius caesar,genghis khan,tomyris,kupe,alexander,philip ii,shaka,lady six sky,lautaro,gilgamesh,cleopatra (egyptian),wu zetian,menelik ii,montezuma,catherine de medici (black queen),simon bolivar,ambiorix,trajan,matthias corvinus,harald varangian,nader shah,tokugawa,Bakemono,Flak Doe,morti,Tritonnick,Billdozeur,Mikmak,Akame,shin_nashi,16/02/25,3b
Productivity Queens,Baby Boomers,Productivity Queens,lakes,pangaea standard,primordial,seven seas,tilted axis,inland sea,rich highlands,gilgamesh,genghis khan,julius caesar,menelik ii,lautaro,alexander,tomyris,kupe,simon bolivar,catherine de medici (black queen),philip ii,lady six sky,trajan,montezuma,shaka,ambiorix,wu zetian,kublai khan (mongolia),poundmaker (sub par,harald varangian,elizabeth i,tokugawa,HookGod,Caillak,Pebbleton,Convertible,rdjsp,Paxiuz,Cemetaires,Mat√©o,17/02/25,3b
Productivity Queens,Retrait√©s Tout Terrain,Productivity Queens,rich highlands,pangaea standard,primordial,seven seas,inland sea,lakes,tilted axis,alexander,kupe,julius caesar,menelik ii,lautaro,tokugawa,shaka,philip ii,catherine de medici (black queen),genghis khan,seondeok,wu zetian,saladin (vizier),montezuma,ambiorix,poundmaker,kublai khan (mongolia),trajan,eleanor of aquitaine (england),simon bolivar,jadwiga,dido,HookGod,Bamaki,Ad_x,Acajou,rdjsp,Lo0P,Connavar,Sethani,18/02/25,3b
MassueManAnarchy,Sans Pr√©tention Quedal Rien,Sans Pr√©tention Quedal Rien,pangaea standard,tilted axis,inland sea,seven seas,rich highlands,primordial,lakes,lautaro,alexander,catherine de medici (black queen),genghis khan,ambiorix,tomyris,shaka,julius caesar,trajan,kupe,nader shah,cleopatra (egyptian),cyrus,gilgamesh,kublai khan (mongolia),wu zetian,tokugawa,menelik ii,jadwiga,montezuma,qin (unifier),philip ii,Volca,Mikmak,Kujoo Karenn,OxYsS12,Kaminocuni,dragonnat,Superbia,Fils !,18/02/25,3b
Baby Boomers,White Narvals,Baby Boomers,seven seas,tilted axis,pangaea standard,primordial,lakes,inland sea,rich highlands,harald hardrada,philip ii,genghis khan,alexander,catherine de medici (black queen),kublai khan (mongolia),tomyris,shaka,lautaro,kupe,trajan,simon bolivar,julius caesar,montezuma,hojo tokimune,tokugawa,wu zetian,didon,nader shah,gilgamesh,hammurabi,matthias corvinus,samUwUel,morti,Caillak,Arma,Paxiuz,SkiiZz,titanium,Billdozeur,22/02/25,3b
Sans Pr√©tention Quedal Rien,Productivity Queens,Sans Pr√©tention Quedal Rien,pangaea standard,rich highlands,inland sea,lakes,tilted axis,primordial,seven seas,catherine de medici (black queen),genghis khan,ambiorix,alexander,shaka,julius caesar,wu zetian,tomyris,kupe,lautaro,kublai khan (mongolia),nader shah,matthias corvinus,hammurabi,trajan,philip ii,montezuma,basil ii,jadwiga,yongle,gilgamesh,robert the bruce,Tritonnick,Connavar,OxYsS12,Cemetaires,Fils !,Lorayl,dragonnat,HookGod,26/02/25,3b
Retrait√©s Tout Terrain,Baby Boomers,Retrait√©s Tout Terrain,lakes,inland sea,unknown,tilted axis,primordial,seven seas,pangaea standard,julius caesar,genghis khan,menelik ii,catherine de medici (black queen),lautaro,ambiorix,kupe,alexander,philip ii,shaka,poundmaker,wu zetian,tomyris,simon bolivar,tokugawa,kublai khan (mongolia),trajan,montezuma,matthias corvinus,lady six sky,mvemba a nzinga,hammurabi,makend,Convertible,Acajou,Caillak,Haashkaa,samUwUel,Bamaki,Poppers,27/02/25,3b
White Narvals,MassueManAnarchy,MassueManAnarchy,lakes,inland sea,seven seas,tilted axis,primordial,pangaea standard,rich highlands,simon bolivar,lautaro,catherine de medici (black queen),alexander,julius caesar,genghis khan,shaka,menelik ii,gilgamesh,ambiorix,wu zetian,tokugawa,montezuma,philip ii,kupe,tomyris,trajan,kublai khan (mongolia),cyrus,lady six sky,basil ii,hammurabi,Arma,ansemriku,SkiiZz,Volca,Bakemono,Danael,Scribus,Superbia,03/03/25,3b
MassueManAnarchy,Baby Boomers,Baby Boomers,lakes,seven seas,primordial,inland sea,tilted axis,rich highlands,pangaea standard,kupe,genghis khan,ambiorix,alexander,kublai khan (mongolia),menelik ii,tomyris,lautaro,shaka,catherine de medici (black queen),trajan,wu zetian,philip ii,julius caesar,gilgamesh,hammurabi,simon bolivar,montezuma,cyrus,basil ii,qin (unifier),ramses ii,Moumoulax,Paxiuz,Superbia,Caillak,Kujoo Karenn,Convertible,Volca,Mat√©o,05/03/25,3b
Baby Boomers,Sans Pr√©tention Quedal Rien,Baby Boomers,pangaea standard,primordial,inland sea,tilted axis,rich highlands,seven seas,lakes,jadwiga,alexander,julius caesar,genghis khan,lautaro,catherine de medici (black queen),wu zetian,tomyris,shaka,basil ii,hojo tokimune,kublai khan (mongolia),matthias corvinus,kupe,menelik ii,trajan,simon bolivar,montezuma,hammurabi,ambiorix,pachacuti,philip ii,Convertible,Fils !,Caillak,OxYsS12,titanium,Mikmak,Paxiuz,Flak Doe,07/03/25,3b
Retrait√©s Tout Terrain,MassueManAnarchy,Retrait√©s Tout Terrain,lakes,inland sea,rich highlands,primordial,seven seas,pangaea standard,tilted axis,genghis khan,ambiorix,lautaro,menelik ii,alexander,kupe,tomyris,trajan,julius caesar,gilgamesh,montezuma,philip ii,basil ii,hammurabi,catherine de medici (black queen),shaka,lady six sky,wu zetian,jaravarman vii,kublai khan (mongolia),nader shah,victoria age of steam,Lo0P,Volca,Triteck,ansemriku,Haashkaa,Superbia,Acajou,Danael,10/03/25,3b
Sans Pr√©tention Quedal Rien,Retrait√©s Tout Terrain,Retrait√©s Tout Terrain,pangaea standard,primordial,inland sea,lakes,tilted axis,rich highlands,seven seas,menelik ii,julius caesar,wu zetian,genghis khan,shaka,catherine de medici (black queen),trajan,alexander,simon bolivar,lautaro,gilgamesh,kublai khan (mongolia),jadwiga,matthias corvinus,tomyris,ambiorix,montezuma,kupe,philip ii,nader shah,tamar,poundmaker,Fils !,Triteck,OxYsS12,McBeton,Tritonnick,Bamaki,dragonnat,Haashkaa,12/03/25,3b
Baby Boomers,Productivity Queens,Baby Boomers,rich highlands,primordial,pangaea standard,tilted axis,lakes,inland sea,seven seas,alexander,kupe,lautaro,menelik ii,simon bolivar,ambiorix,catherine de medici (black queen),genghis khan,philip ii,kublai khan (mongolia),tokugawa,wu zetian,hammurabi,harald varangian,shaka,poundmaker,trajan,basil ii,ramses ii,montezuma,pachacuti,eleanor of aquitaine (england),Convertible,Ad_x,titanium,Connavar,Mat√©o,Lorayl,Paxiuz,rdjsp,16/03/25,3b
Retrait√©s Tout Terrain,White Narvals,White Narvals,rich highlands,inland sea,pangaea standard,primordial,lakes,tilted axis,seven seas,genghis khan,menelik ii,lautaro,tomyris,alexander,ambiorix,catherine de medici (black queen),basil ii,philip ii,harald varangian,tamar,kublai khan (mongolia),jaravarman vii,simon bolivar,kupe,shaka,poundmaker,hammurabi,matthias corvinu,trajan,montezuma,eleanor of aquitaine (england),McBeton,Bakemono,Acajou,SkiiZz,Haashkaa,Billdozeur,Bamaki,Akame,16/03/25,3b
Sans Pr√©tention Quedal Rien,White Narvals,Sans Pr√©tention Quedal Rien,tilted axis,primordial,pangaea standard,inland sea,lakes,rich highlands,seven seas,tomyris,harald hardrada,julius caesar,genghis khan,joao iii,lautaro,gitarja,alexander,philip ii,kupe,montezuma,dido,pedro ii,trajan,catherine de medici (black queen),kublai khan (mongolia),elizabeth i,hojo tokimune,wilhelmina,victoria,menelik ii,simon bolivar,OxYsS12,Bakemono,Tritonnick,morti,shin_nashi,Akame,dragonnat,SkiiZz,18/03/25,3b
White Narvals,Productivity Queens,Productivity Queens,rich highlands,pangaea standard,seven seas,primordial,inland sea,tilted axis,lakes,alexander,genghis khan,philip ii,ambiorix,catherine de medici (black queen),lautaro,shaka,simon bolivar,tomyris,trajan,wu zetian,montezuma,matthias corvinus,basil ii,menelik ii,kupe,poundmaker,kublai khan (mongolia),harald varangian,hammurabi,victoria age of steam,seondeok,Scribus,Connavar,Grosdebilint,Cemetaires,Akame,Calice,SkiiZz,HookGod,23/03/25,3b
